VendorID,tpep_pickup_datetime,tpep_dropoff_datetime,passenger_count,trip_distance,RatecodeID,store_and_fwd_flag,PULocationID,DOLocationID,payment_type,fare_amount,extra,mta_tax,tip_amount,tolls_amount,improvement_surcharge,total_amount,congestion_surcharge,Airport_fee
1,1735690718000,1735691219000,1,1.6,1,N,229,237,1,10.0,3.5,0.5,3.0,0.0,1,18.0,2.5,0.0
1,1735691560000,1735691713000,1,0.5,1,N,236,237,1,5.1,3.5,0.5,2.02,0.0,1,12.12,2.5,0.0
1,1735692244000,1735692361000,1,0.6,1,N,141,141,1,5.1,3.5,0.5,2.0,0.0,1,12.1,2.5,0.0
2,1735690467000,1735690801000,3,0.52,1,N,244,244,2,7.2,1.0,0.5,0.0,0.0,1,9.7,0.0,0.0
2,1735690894000,1735691106000,3,0.66,1,N,244,116,2,5.8,1.0,0.5,0.0,0.0,1,8.3,0.0,0.0
2,1735692504000,1735693706000,2,2.63,1,N,239,68,2,19.1,1.0,0.5,0.0,0.0,1,24.1,2.5,0.0
1,1735690487000,1735690575000,0,0.4,1,N,170,170,1,4.4,3.5,0.5,2.35,0.0,1,11.75,2.5,0.0
1,1735691967000,1735692711000,0,1.6,1,N,234,148,1,12.1,3.5,0.5,2.0,0.0,1,19.1,2.5,0.0
1,1735692823000,1735694003000,0,2.8,1,N,148,170,1,19.1,3.5,0.5,3.0,0.0,1,27.1,2.5,0.0
2,1735689602000,1735690176000,1,1.71,1,N,237,262,2,11.4,1.0,0.5,0.0,0.0,1,16.4,2.5,0.0
2,1735690828000,1735691284000,1,2.29,1,N,237,75,2,11.4,1.0,0.5,0.0,0.0,1,16.4,2.5,0.0
2,1735691638000,1735691843000,1,0.56,1,N,263,236,1,5.8,1.0,0.5,2.16,0.0,1,12.96,2.5,0.0
2,1735692160000,1735692938000,3,1.99,1,N,236,151,2,14.2,1.0,0.5,0.0,0.0,1,19.2,2.5,0.0
1,1735691407000,1735691808000,1,1.1,1,N,229,141,2,7.9,3.5,0.5,0.0,0.0,1,12.9,2.5,0.0
1,1735691995000,1735694039000,1,3.2,1,N,141,113,1,26.1,3.5,0.5,7.8,0.0,1,38.9,2.5,0.0
1,1735690614000,1735691712000,3,2.5,1,N,158,170,2,17.7,3.5,0.5,0.0,0.0,1,22.7,2.5,0.0
1,1735692190000,1735693203000,1,1.9,1,N,164,229,1,16.3,3.5,0.5,4.25,0.0,1,25.55,2.5,0.0
2,1735689701000,1735690034000,1,0.71,1,N,79,107,2,-7.2,-1.0,-0.5,3.66,0.0,-1,-8.54,-2.5,0.0
2,1735689701000,1735690034000,1,0.71,1,N,79,107,2,7.2,1.0,0.5,0.0,0.0,1,12.2,2.5,0.0
1,1735691592000,1735692614000,2,1.2,1,N,246,90,1,15.6,3.5,0.5,0.0,0.0,1,20.6,2.5,0.0
2,1735689949000,1735690800000,2,3.45,1,N,263,107,1,17.7,1.0,0.5,4.54,0.0,1,27.24,2.5,0.0
2,1735691680000,1735692679000,2,1.19,1,N,246,170,1,14.9,1.0,0.5,3.98,0.0,1,23.88,2.5,0.0
2,1735692954000,1735693238000,1,0.69,1,N,137,233,4,-6.5,-1.0,-0.5,0.0,0.0,-1,-11.5,-2.5,0.0
2,1735692954000,1735693238000,1,0.69,1,N,137,233,4,6.5,1.0,0.5,0.0,0.0,1,11.5,2.5,0.0
1,1735690664000,1735690972000,1,1.0,1,N,142,237,1,7.2,3.5,0.5,1.83,0.0,1,14.03,2.5,0.0
1,1735691833000,1735692203000,3,1.1,1,N,142,239,1,7.9,3.5,0.5,2.55,0.0,1,15.45,2.5,0.0
1,1735692486000,1735692803000,1,0.7,1,N,143,143,1,7.2,3.5,0.5,1.0,0.0,1,13.2,2.5,0.0
2,1735690454000,1735690966000,2,1.88,1,N,113,90,1,11.4,1.0,0.5,1.0,0.0,1,17.4,2.5,0.0
2,1735691521000,1735692403000,1,3.06,1,N,90,246,1,17.7,1.0,0.5,10.0,0.0,1,32.7,2.5,0.0
2,1735689637000,1735689886000,1,0.86,1,N,140,263,2,6.5,1.0,0.5,0.0,0.0,1,11.5,2.5,0.0
2,1735690267000,1735691009000,3,3.98,1,N,140,79,1,19.1,1.0,0.5,6.03,0.0,1,30.13,2.5,0.0
1,1735690494000,1735692809000,1,1.8,1,N,142,68,1,30.3,3.5,0.5,7.05,0.0,1,42.35,2.5,0.0
1,1735691251000,1735692535000,1,2.9,1,N,79,161,1,17.7,3.5,0.5,0.0,0.0,1,22.7,2.5,0.0
1,1735692938000,1735693172000,1,0.4,1,N,162,229,1,5.1,3.5,0.5,2.0,0.0,1,12.1,2.5,0.0
2,1735691567000,1735693309000,1,4.41,1,N,246,236,1,28.9,1.0,0.5,3.39,0.0,1,37.29,2.5,0.0
2,1735691524000,1735692054000,1,1.51,1,N,237,140,1,10.7,1.0,0.5,3.14,0.0,1,18.84,2.5,0.0
2,1735692827000,1735693082000,1,0.65,1,N,263,141,1,5.8,1.0,0.5,2.16,0.0,1,12.96,2.5,0.0
2,1735690615000,1735691256000,1,1.66,1,N,238,236,1,12.1,1.0,0.5,3.42,0.0,1,20.52,2.5,0.0
2,1735691973000,1735692233000,1,0.77,1,N,239,142,1,6.5,1.0,0.5,0.69,0.0,1,12.19,2.5,0.0
2,1735693169000,1735694867000,1,4.26,1,N,239,113,1,27.5,1.0,0.5,6.5,0.0,1,39.0,2.5,0.0
2,1735690541000,1735693383000,4,3.05,1,N,114,161,1,37.3,1.0,0.5,8.46,0.0,1,50.76,2.5,0.0
2,1735691966000,1735693034000,1,2.31,1,N,224,68,1,17.0,1.0,0.5,3.3,0.0,1,25.3,2.5,0.0
2,1735690027000,1735690398000,2,1.02,1,N,237,236,1,7.9,1.0,0.5,1.55,0.0,1,14.45,2.5,0.0
2,1735690976000,1735691592000,2,1.5,1,N,237,140,1,10.7,1.0,0.5,3.14,0.0,1,18.84,2.5,0.0
2,1735692224000,1735693518000,4,2.26,1,N,237,238,1,19.8,1.0,0.5,4.96,0.0,1,29.76,2.5,0.0
1,1735692972000,1735693410000,2,0.7,1,N,79,4,1,7.9,3.5,0.5,1.0,0.0,1,13.9,2.5,0.0
1,1735691042000,1735691710000,1,1.2,1,N,164,233,1,10.0,3.5,0.5,3.0,0.0,1,18.0,2.5,0.0
2,1735692773000,1735693171000,1,1.63,1,N,237,263,1,9.3,1.0,0.5,2.0,0.0,1,16.3,2.5,0.0
1,1735690435000,1735691080000,1,1.3,1,N,114,79,1,10.7,3.5,0.5,3.9,0.0,1,19.6,2.5,0.0
1,1735691254000,1735691618000,1,1.2,1,N,79,170,1,7.9,3.5,0.5,1.0,0.0,1,13.9,2.5,0.0
1,1735692878000,1735694861000,1,3.5,1,N,249,142,1,29.6,3.5,0.5,8.65,0.0,1,43.25,2.5,0.0
2,1735691834000,1735692178000,4,1.01,1,N,107,170,1,7.9,1.0,0.5,3.23,0.0,1,16.13,2.5,0.0
2,1735692407000,1735693348000,1,1.58,1,N,137,79,2,12.1,1.0,0.5,0.0,0.0,1,17.1,2.5,0.0
2,1735690792000,1735691792000,1,3.41,1,N,232,49,1,19.8,1.0,0.5,0.0,0.0,1,24.8,2.5,0.0
2,1735691103000,1735692899000,2,5.17,1,N,211,263,1,28.9,1.0,0.5,6.78,0.0,1,40.68,2.5,0.0
2,1735690486000,1735691827000,1,6.06,1,N,79,260,2,28.2,1.0,0.5,0.0,0.0,1,33.2,2.5,0.0
2,1735690270000,1735691203000,1,1.63,1,N,246,48,1,14.9,1.0,0.5,5.97,0.0,1,25.87,2.5,0.0
2,1735691440000,1735692556000,1,2.22,1,N,48,239,1,17.0,1.0,0.5,2.5,0.0,1,24.5,2.5,0.0
2,1735692770000,1735693490000,1,1.26,1,N,142,48,1,12.1,1.0,0.5,4.28,0.0,1,21.38,2.5,0.0
1,1735689894000,1735690598000,1,1.4,1,N,107,162,1,10.7,3.5,0.5,3.95,0.0,1,19.65,2.5,0.0
1,1735691672000,1735692221000,2,1.4,1,N,229,107,1,8.6,3.5,0.5,2.7,0.0,1,16.3,2.5,0.0
1,1735692719000,1735694201000,2,3.4,1,N,234,142,1,21.2,3.5,0.5,5.0,0.0,1,31.2,2.5,0.0
2,1735692498000,1735693433000,1,4.2,1,N,166,48,1,21.2,1.0,0.5,6.55,0.0,1,32.75,2.5,0.0
1,1735691458000,1735692004000,2,1.9,1,N,238,237,2,12.1,3.5,0.5,0.0,0.0,1,17.1,2.5,0.0
1,1735692370000,1735693166000,2,3.2,1,N,263,151,1,17.0,3.5,0.5,4.4,0.0,1,26.4,2.5,0.0
2,1735691816000,1735692825000,1,3.0,1,N,151,140,1,18.4,1.0,0.5,4.68,0.0,1,28.08,2.5,0.0
2,1735690273000,1735690895000,2,2.0,1,N,249,246,1,12.8,1.0,0.5,3.56,0.0,1,21.36,2.5,0.0
2,1735690758000,1735691466000,1,2.2,1,N,238,237,1,14.2,1.0,0.5,2.0,0.0,1,21.2,2.5,0.0
2,1735691634000,1735693468000,2,3.46,1,N,237,249,1,26.8,1.0,0.5,7.2,0.0,1,39.0,2.5,0.0
2,1735690144000,1735690689000,1,1.9,1,N,140,162,1,11.4,1.0,0.5,3.28,0.0,1,19.68,2.5,0.0
2,1735692923000,1735693046000,1,0.2,1,N,140,140,1,4.4,1.0,0.5,1.88,0.0,1,11.28,2.5,0.0
2,1735690917000,1735691783000,2,1.71,1,N,43,161,2,14.2,1.0,0.5,0.0,0.0,1,19.2,2.5,0.0
1,1735690583000,1735691443000,2,1.6,1,N,142,161,1,14.2,3.5,0.5,5.0,0.0,1,24.2,2.5,0.0
1,1735691692000,1735692996000,1,2.0,1,N,161,107,1,19.1,3.5,0.5,7.2,0.0,1,31.3,2.5,0.0
2,1735691766000,1735692454000,1,1.69,1,N,148,107,1,12.1,1.0,0.5,5.13,0.0,1,22.23,2.5,0.0
1,1735690781000,1735692151000,1,2.2,1,N,161,236,1,19.8,3.5,0.5,7.45,0.0,1,32.25,2.5,0.0
1,1735692535000,1735692978000,1,1.3,1,N,236,237,1,8.6,3.5,0.5,2.72,0.0,1,16.32,2.5,0.0
1,1735693040000,1735694127000,1,2.7,1,N,237,113,1,16.3,3.5,0.5,4.25,0.0,1,25.55,2.5,0.0
1,1735690520000,1735691549000,1,3.4,1,N,234,263,1,19.1,3.5,0.5,3.62,0.0,1,27.72,2.5,0.0
1,1735693061000,1735693447000,1,0.5,1,N,239,143,2,7.2,3.5,0.5,0.0,0.0,1,12.2,2.5,0.0
2,1735690204000,1735690480000,1,0.92,1,N,229,75,1,6.5,1.0,0.5,2.3,0.0,1,13.8,2.5,0.0
2,1735691746000,1735692319000,2,1.36,1,N,238,236,2,10.7,1.0,0.5,0.0,0.0,1,15.7,2.5,0.0
2,1735690087000,1735690429000,1,0.98,1,N,151,239,1,7.9,1.0,0.5,2.58,0.0,1,15.48,2.5,0.0
2,1735690539000,1735690841000,1,0.73,1,N,239,143,1,7.2,1.0,0.5,3.66,0.0,1,15.86,2.5,0.0
2,1735691308000,1735692216000,1,2.62,1,N,142,24,1,16.3,1.0,0.5,4.26,0.0,1,25.56,2.5,0.0
2,1735692356000,1735692798000,1,1.01,1,N,24,41,1,8.6,1.0,0.5,2.77,0.0,1,13.87,0.0,0.0
1,1735692701000,1735693586000,1,7.2,1,N,132,95,1,29.6,2.75,0.5,6.75,0.0,1,40.6,0.0,1.75
2,1735690211000,1735691728000,1,4.24,1,N,151,233,1,25.4,1.0,0.5,3.0,0.0,1,33.4,2.5,0.0
1,1735691774000,1735693269000,4,4.0,1,N,231,80,1,25.4,3.5,0.5,7.55,0.0,1,37.95,2.5,0.0
2,1735691596000,1735692019000,1,1.49,1,N,237,262,1,9.3,1.0,0.5,2.86,0.0,1,17.16,2.5,0.0
2,1735691663000,1735694457000,1,10.42,1,N,90,243,1,56.9,1.0,0.5,12.38,0.0,1,74.28,2.5,0.0
1,1735691123000,1735691973000,2,2.2,1,N,114,13,1,14.9,3.5,0.5,3.95,0.0,1,23.85,2.5,0.0
1,1735692588000,1735692588000,1,0.0,1,Y,87,264,2,20.06,0.0,0.0,0.0,0.0,0,20.06,0.0,0.0
2,1735692944000,1735694861000,1,14.84,1,N,132,89,1,59.0,1.0,0.5,12.3,0.0,1,75.55,0.0,1.75
1,1735690287000,1735690618000,0,0.7,1,N,144,211,1,7.2,3.5,0.5,0.0,0.0,1,12.2,2.5,0.0
1,1735690770000,1735691245000,0,1.0,1,N,211,158,1,9.3,3.5,0.5,2.85,0.0,1,17.15,2.5,0.0
1,1735691593000,1735692008000,0,1.2,1,N,158,68,1,8.6,3.5,0.5,1.0,0.0,1,14.6,2.5,0.0
1,1735692305000,1735694432000,0,1.8,1,N,68,50,1,28.2,3.5,0.5,8.3,0.0,1,41.5,2.5,0.0
2,1735689869000,1735692958000,9,31.97,5,N,132,265,2,90.0,0.0,0.0,0.0,20.32,1,111.32,0.0,0.0
2,1735690128000,1735690442000,1,0.93,1,N,229,233,2,7.2,1.0,0.5,0.0,0.0,1,12.2,2.5,0.0
2,1735690584000,1735690786000,1,0.89,1,N,233,229,1,6.5,1.0,0.5,2.07,0.0,1,13.57,2.5,0.0
2,1735691919000,1735692739000,1,1.91,1,N,229,164,1,14.2,1.0,0.5,3.84,0.0,1,23.04,2.5,0.0
2,1735690024000,1735690201000,1,0.47,1,N,163,237,1,5.1,1.0,0.5,2.02,0.0,1,12.12,2.5,0.0
2,1735690922000,1735691812000,1,1.93,1,N,142,162,1,14.2,1.0,0.5,3.84,0.0,1,23.04,2.5,0.0
2,1735692972000,1735694100000,1,0.97,1,N,161,170,4,-16.3,-1.0,-0.5,0.0,0.0,-1,-21.3,-2.5,0.0
2,1735692972000,1735694100000,1,0.97,1,N,161,170,4,16.3,1.0,0.5,0.0,0.0,1,21.3,2.5,0.0
2,1735691641000,1735693416000,2,2.43,1,N,162,90,1,25.4,1.0,0.5,0.0,0.0,1,30.4,2.5,0.0
1,1735690304000,1735691334000,1,3.2,1,N,226,80,2,19.1,1.0,0.5,0.0,0.0,1,21.6,0.0,0.0
1,1735691657000,1735691972000,1,1.5,1,N,256,232,1,9.3,3.5,0.5,1.43,0.0,1,15.73,2.5,0.0
1,1735693174000,1735693833000,1,1.0,1,N,79,249,1,9.3,3.5,0.5,3.6,0.0,1,17.9,2.5,0.0
2,1735690411000,1735690748000,2,1.12,1,N,263,141,1,7.9,1.0,0.5,2.58,0.0,1,15.48,2.5,0.0
2,1735691289000,1735691781000,1,1.51,1,N,229,140,1,10.0,1.0,0.5,3.0,0.0,1,18.0,2.5,0.0
2,1735692394000,1735693867000,2,7.73,1,N,140,231,2,33.8,1.0,0.5,0.0,0.0,1,38.8,2.5,0.0
2,1735691755000,1735693129000,1,3.52,1,N,113,237,1,22.6,1.0,0.5,5.52,0.0,1,33.12,2.5,0.0
2,1735691239000,1735691461000,1,0.47,1,N,170,164,1,5.8,1.0,0.5,0.0,0.0,1,10.8,2.5,0.0
2,1735692164000,1735693028000,1,2.32,1,N,170,263,1,14.9,1.0,0.5,3.98,0.0,1,23.88,2.5,0.0
2,1735689740000,1735690555000,1,4.55,1,N,138,146,1,19.8,6.0,0.5,8.19,0.0,1,37.24,0.0,1.75
2,1735692164000,1735692401000,1,0.89,1,N,237,263,2,6.5,1.0,0.5,0.0,0.0,1,11.5,2.5,0.0
2,1735692500000,1735693778000,1,7.23,1,N,263,87,1,31.7,1.0,0.5,7.34,0.0,1,44.04,2.5,0.0
2,1735692017000,1735692307000,1,0.64,1,N,234,113,1,6.5,1.0,0.5,1.15,0.0,1,12.65,2.5,0.0
2,1735692820000,1735693482000,1,1.06,1,N,114,148,1,10.7,1.0,0.5,3.14,0.0,1,18.84,2.5,0.0
1,1735692299000,1735694594000,1,10.9,1,N,261,42,1,47.1,3.5,0.5,5.0,0.0,1,57.1,2.5,0.0
2,1735690087000,1735690386000,1,1.61,1,N,138,138,2,9.3,6.0,0.5,0.0,0.0,1,18.55,0.0,1.75
2,1735691091000,1735692172000,2,8.66,1,N,138,256,1,35.2,6.0,0.5,4.44,0.0,1,48.89,0.0,1.75
2,1735689957000,1735690726000,1,3.57,1,N,87,79,1,17.7,1.0,0.5,4.54,0.0,1,27.24,2.5,0.0
2,1735690940000,1735691421000,2,1.63,1,N,79,170,1,10.0,1.0,0.5,3.0,0.0,1,18.0,2.5,0.0
2,1735692775000,1735693250000,2,1.13,1,N,79,114,1,9.3,1.0,0.5,2.86,0.0,1,17.16,2.5,0.0
2,1735691699000,1735692874000,4,2.27,1,N,249,48,2,18.4,1.0,0.5,0.0,0.0,1,23.4,2.5,0.0
2,1735690773000,1735691445000,1,2.8,1,N,264,264,1,14.2,1.0,0.5,3.84,0.0,1,23.04,2.5,0.0
2,1735691554000,1735692463000,1,1.96,1,N,264,264,2,14.9,1.0,0.5,0.0,0.0,1,17.4,0.0,0.0
2,1735693336000,1735694101000,1,2.17,1,N,264,264,1,14.2,1.0,0.5,3.84,0.0,1,23.04,2.5,0.0
2,1735690319000,1735692517000,2,9.17,1,N,138,186,1,48.5,6.0,0.5,13.09,6.94,1,80.28,2.5,1.75
2,1735689916000,1735691539000,1,7.2,1,N,236,82,1,33.8,1.0,0.5,7.76,0.0,1,46.56,2.5,0.0
1,1735690258000,1735690748000,1,1.4,1,N,114,232,1,8.6,3.5,0.5,2.7,0.0,1,16.3,2.5,0.0
1,1735691109000,1735691534000,2,0.8,1,N,148,148,1,7.2,3.5,0.5,2.45,0.0,1,14.65,2.5,0.0
1,1735691549000,1735691918000,4,0.9,1,N,148,231,2,7.2,3.5,0.5,0.0,0.0,1,12.2,2.5,0.0
1,1735692008000,1735692535000,1,2.1,1,N,231,90,1,10.7,3.5,0.5,3.15,0.0,1,18.85,2.5,0.0
2,1735690048000,1735690674000,1,1.17,1,N,170,107,1,10.7,1.0,0.5,2.83,0.0,1,18.53,2.5,0.0
2,1735692478000,1735693187000,2,1.05,1,N,234,162,1,12.1,1.0,0.5,1.71,0.0,1,18.81,2.5,0.0
2,1735691584000,1735692201000,1,2.09,1,N,142,151,1,12.8,1.0,0.5,4.45,0.0,1,22.25,2.5,0.0
1,1735692846000,1735693522000,1,1.2,1,N,163,142,1,11.4,3.5,0.5,2.0,0.0,1,18.4,2.5,0.0
1,1735689603000,1735690066000,2,1.2,1,N,107,114,1,9.3,3.5,0.5,3.55,0.0,1,17.85,2.5,0.0
1,1735692283000,1735693707000,1,3.3,1,N,107,261,1,22.6,3.5,0.5,8.25,0.0,1,35.85,2.5,0.0
2,1735690720000,1735691575000,1,4.67,1,N,163,42,1,19.8,1.0,0.5,7.44,0.0,1,32.24,2.5,0.0
2,1735690350000,1735690599000,1,0.84,1,N,263,75,1,6.5,1.0,0.5,2.0,0.0,1,13.5,2.5,0.0
2,1735691621000,1735693596000,1,5.52,1,N,236,234,2,31.7,1.0,0.5,0.0,0.0,1,36.7,2.5,0.0
2,1735690561000,1735691210000,2,1.54,1,N,79,186,1,11.4,1.0,0.5,3.28,0.0,1,19.68,2.5,0.0
2,1735690528000,1735691218000,1,2.07,1,N,142,262,2,13.5,1.0,0.5,0.0,0.0,1,18.5,2.5,0.0
2,1735691510000,1735692455000,1,2.73,1,N,141,107,1,17.0,1.0,0.5,4.4,0.0,1,26.4,2.5,0.0
2,1735692953000,1735693609000,1,1.42,1,N,79,45,2,-12.1,-1.0,-0.5,0.0,0.0,-1,-17.1,-2.5,0.0
2,1735692953000,1735693609000,1,1.42,1,N,79,45,2,12.1,1.0,0.5,0.0,0.0,1,17.1,2.5,0.0
2,1735690160000,1735690342000,1,0.74,1,N,263,141,1,5.8,1.0,0.5,2.16,0.0,1,12.96,2.5,0.0
2,1735692262000,1735692662000,1,0.62,1,N,113,234,2,7.9,1.0,0.5,0.0,0.0,1,12.9,2.5,0.0
2,1735691999000,1735693237000,1,7.78,1,N,138,36,1,33.8,6.0,0.5,8.26,0.0,1,51.31,0.0,1.75
2,1735691805000,1735692981000,4,4.75,1,N,141,148,1,25.4,1.0,0.5,6.08,0.0,1,36.48,2.5,0.0
1,1735691697000,1735692049000,3,0.4,1,N,114,79,1,7.2,3.5,0.5,0.09,0.0,1,12.29,2.5,0.0
1,1735692248000,1735693846000,2,4.5,1,N,79,142,1,26.1,3.5,0.5,9.3,0.0,1,40.4,2.5,0.0
1,1735690643000,1735691226000,1,1.0,1,N,236,141,1,8.6,3.5,0.5,2.7,0.0,1,16.3,2.5,0.0
1,1735691995000,1735692296000,1,0.7,1,N,263,140,1,5.8,3.5,0.5,2.7,0.0,1,13.5,2.5,0.0
1,1735692700000,1735693431000,1,1.9,1,N,237,262,1,11.4,3.5,0.5,3.3,0.0,1,19.7,2.5,0.0
2,1735691354000,1735692403000,4,3.16,1,N,107,263,1,18.4,1.0,0.5,4.68,0.0,1,28.08,2.5,0.0
2,1735693091000,1735694201000,1,2.31,1,N,229,143,1,17.7,1.0,0.5,4.54,0.0,1,27.24,2.5,0.0
2,1735690300000,1735691777000,1,5.29,1,N,158,49,1,26.8,1.0,0.5,7.95,0.0,1,39.75,2.5,0.0
2,1735691866000,1735693137000,1,3.91,1,N,49,232,1,21.9,1.0,0.5,5.38,0.0,1,32.28,2.5,0.0
2,1735692533000,1735694011000,1,11.81,5,N,68,265,1,80.0,0.0,0.0,0.0,21.38,1,102.38,0.0,0.0
2,1735690939000,1735691278000,1,0.64,1,N,68,249,1,7.2,1.0,0.5,2.44,0.0,1,14.64,2.5,0.0
2,1735691536000,1735692168000,1,1.06,1,N,114,79,1,10.7,1.0,0.5,2.0,0.0,1,17.7,2.5,0.0
2,1735692275000,1735693549000,1,4.02,1,N,79,141,1,21.9,1.0,0.5,5.38,0.0,1,32.28,2.5,0.0
2,1735690728000,1735692296000,1,9.04,1,N,239,256,1,39.4,1.0,0.5,5.0,0.0,1,49.4,2.5,0.0
2,1735690635000,1735691267000,1,1.78,1,N,142,238,1,12.1,1.0,0.5,3.42,0.0,1,20.52,2.5,0.0
2,1735691549000,1735693775000,1,9.79,1,N,239,33,1,44.3,1.0,0.5,12.32,0.0,1,61.62,2.5,0.0
1,1735691897000,1735692977000,1,2.2,1,N,249,170,2,14.2,3.5,0.5,0.0,0.0,1,19.2,2.5,0.0
1,1735689600000,1735693389000,1,6.4,1,Y,211,164,1,52.0,3.5,0.5,17.05,0.0,1,74.05,2.5,0.0
1,1735689704000,1735690118000,0,0.9,1,N,113,148,1,7.9,3.5,0.5,1.0,0.0,1,13.9,2.5,0.0
1,1735690446000,1735691554000,0,2.1,1,N,148,164,1,14.9,3.5,0.5,5.95,0.0,1,25.85,2.5,0.0
1,1735692773000,1735693264000,0,1.5,1,N,249,246,1,9.3,3.5,0.5,3.0,0.0,1,17.3,2.5,0.0
2,1735690601000,1735690885000,1,1.12,1,N,239,238,1,7.2,1.0,0.5,2.44,0.0,1,14.64,2.5,0.0
2,1735691072000,1735691472000,1,1.42,1,N,43,236,1,9.3,1.0,0.5,2.86,0.0,1,17.16,2.5,0.0
2,1735691913000,1735692492000,1,2.19,1,N,239,263,1,12.8,1.0,0.5,3.56,0.0,1,21.36,2.5,0.0
2,1735692822000,1735693026000,1,0.63,1,N,263,263,1,5.8,1.0,0.5,2.16,0.0,1,12.96,2.5,0.0
2,1735691442000,1735692286000,1,1.58,1,N,249,79,1,13.5,1.0,0.5,0.0,0.0,1,18.5,2.5,0.0
1,1735692859000,1735693587000,4,1.0,1,N,229,163,2,11.4,3.5,0.5,0.0,0.0,1,16.4,2.5,0.0
1,1735690742000,1735691533000,1,1.9,1,N,170,114,1,12.8,3.5,0.5,3.55,0.0,1,21.35,2.5,0.0
1,1735691606000,1735693934000,1,5.3,1,N,114,238,1,33.1,3.5,0.5,9.55,0.0,1,47.65,2.5,0.0
2,1735690785000,1735692319000,1,4.65,1,N,90,236,1,26.1,1.0,0.5,6.22,0.0,1,37.32,2.5,0.0
2,1735692483000,1735693005000,1,1.62,1,N,236,238,1,10.7,1.0,0.5,3.92,0.0,1,19.62,2.5,0.0
1,1735690165000,1735691026000,1,2.3,1,N,142,151,1,12.8,3.5,0.5,4.45,0.0,1,22.25,2.5,0.0
1,1735691262000,1735691868000,1,1.5,1,N,238,143,1,10.0,3.5,0.5,3.75,0.0,1,18.75,2.5,0.0
1,1735692296000,1735693119000,1,2.2,1,N,142,263,1,12.8,3.5,0.5,3.55,0.0,1,21.35,2.5,0.0
1,1735690351000,1735691492000,2,4.0,1,N,236,42,1,21.2,3.5,0.5,6.55,0.0,1,32.75,2.5,0.0
2,1735691250000,1735691769000,1,1.4,1,N,163,140,2,10.7,1.0,0.5,0.0,0.0,1,15.7,2.5,0.0
2,1735692021000,1735692229000,1,0.68,1,N,141,141,1,5.8,1.0,0.5,2.0,0.0,1,12.8,2.5,0.0
2,1735692681000,1735694797000,1,5.96,1,N,229,87,1,35.9,1.0,0.5,2.0,0.0,1,42.9,2.5,0.0
2,1735691044000,1735693768000,3,5.55,1,N,238,113,1,40.1,1.0,0.5,11.28,0.0,1,56.38,2.5,0.0
2,1735690644000,1735693018000,1,4.83,1,N,48,261,1,37.3,1.0,0.5,8.46,0.0,1,50.76,2.5,0.0
2,1735693315000,1735694859000,1,6.78,1,N,261,140,1,32.4,1.0,0.5,7.48,0.0,1,44.88,2.5,0.0
1,1735691286000,1735691544000,1,0.3,1,N,144,148,1,5.1,3.5,0.5,2.55,0.0,1,12.65,2.5,0.0
1,1735692000000,1735693305000,1,4.3,1,N,79,75,1,21.2,3.5,0.5,10.5,0.0,1,36.7,2.5,0.0
2,1735691269000,1735691642000,1,1.23,1,N,229,237,1,8.6,1.0,0.5,2.72,0.0,1,16.32,2.5,0.0
2,1735691814000,1735692192000,1,0.98,1,N,236,237,1,8.6,1.0,0.5,4.08,0.0,1,17.68,2.5,0.0
2,1735693109000,1735693481000,2,1.43,1,N,263,229,1,8.6,1.0,0.5,4.0,0.0,1,17.6,2.5,0.0
2,1735691617000,1735693316000,2,4.08,1,N,79,142,1,26.8,1.0,0.5,6.36,0.0,1,38.16,2.5,0.0
2,1735691375000,1735691762000,1,0.6,1,N,79,148,4,-7.2,-1.0,-0.5,0.0,0.0,-1,-12.2,-2.5,0.0
2,1735691375000,1735691762000,1,0.6,1,N,79,148,4,7.2,1.0,0.5,0.0,0.0,1,12.2,2.5,0.0
2,1735691863000,1735691873000,1,0.0,5,N,148,148,1,12.0,0.0,0.0,2.0,0.0,1,17.5,2.5,0.0
2,1735691972000,1735692757000,2,2.16,1,N,148,90,1,14.2,1.0,0.5,3.84,0.0,1,23.04,2.5,0.0
1,1735690867000,1735691487000,1,1.4,1,N,237,233,2,11.4,3.5,0.5,0.0,0.0,1,16.4,2.5,0.0
1,1735692233000,1735692663000,1,1.0,1,N,162,237,1,8.6,3.5,0.5,2.7,0.0,1,16.3,2.5,0.0
1,1735692780000,1735693470000,1,3.0,1,N,237,151,1,14.9,3.5,0.5,5.95,0.0,1,25.85,2.5,0.0
2,1735690064000,1735690587000,1,1.23,1,N,249,148,2,10.0,1.0,0.5,0.0,0.0,1,15.0,2.5,0.0
2,1735691056000,1735691743000,1,1.73,1,N,148,231,1,12.8,1.0,0.5,3.56,0.0,1,21.36,2.5,0.0
2,1735692295000,1735692673000,1,1.42,1,N,114,90,1,9.3,1.0,0.5,2.86,0.0,1,17.16,2.5,0.0
2,1735690304000,1735691141000,2,1.88,1,N,79,161,4,-14.2,-1.0,-0.5,0.0,0.0,-1,-19.2,-2.5,0.0
2,1735690304000,1735691141000,2,1.88,1,N,79,161,4,14.2,1.0,0.5,0.0,0.0,1,19.2,2.5,0.0
2,1735692052000,1735692250000,1,0.55,1,N,237,237,1,5.8,1.0,0.5,2.16,0.0,1,12.96,2.5,0.0
1,1735691744000,1735692520000,1,5.1,1,N,132,130,1,21.2,1.0,0.5,6.35,1.75,1,31.8,0.0,0.0
1,1735689999000,1735690673000,2,1.2,1,N,161,162,1,10.0,3.5,0.5,3.0,0.0,1,18.0,2.5,0.0
1,1735692573000,1735694511000,1,2.8,1,N,237,68,1,25.4,3.5,0.5,6.1,0.0,1,36.5,2.5,0.0
2,1735691365000,1735691818000,2,1.12,1,N,114,231,1,8.6,1.0,0.5,2.72,0.0,1,16.32,2.5,0.0
2,1735692149000,1735693628000,3,3.2,1,N,231,48,1,24.0,1.0,0.5,5.8,0.0,1,34.8,2.5,0.0
1,1735690343000,1735690790000,1,0.8,1,N,43,162,1,7.9,3.5,0.5,3.25,0.0,1,16.15,2.5,0.0
1,1735691729000,1735692349000,1,1.4,1,N,163,50,2,10.0,3.5,0.5,0.0,0.0,1,15.0,2.5,0.0
1,1735692860000,1735693210000,1,1.1,1,N,142,50,1,7.2,3.5,0.5,3.65,0.0,1,15.85,2.5,0.0
1,1735690366000,1735690788000,2,1.6,1,N,249,246,1,9.3,3.5,0.5,3.55,0.0,1,17.85,2.5,0.0
1,1735691204000,1735691711000,4,1.1,1,N,68,113,1,9.3,3.5,0.5,2.85,0.0,1,17.15,2.5,0.0
1,1735692436000,1735693222000,4,1.7,1,N,249,4,1,13.5,3.5,0.5,0.0,0.0,1,18.5,2.5,0.0
2,1735690970000,1735692938000,1,2.94,1,N,164,142,1,28.2,1.0,0.5,6.64,0.0,1,39.84,2.5,0.0
1,1735690451000,1735691645000,2,7.6,1,N,237,33,2,33.1,3.5,0.5,0.0,0.0,1,38.1,2.5,0.0
1,1735691886000,1735693669000,4,9.4,1,N,33,149,1,40.8,1.0,0.5,15.0,0.0,1,58.3,0.0,0.0
1,1735692372000,1735693174000,1,1.5,1,N,211,158,1,11.4,3.5,0.5,3.3,0.0,1,19.7,2.5,0.0
2,1735690235000,1735690986000,2,2.96,1,N,107,79,1,15.6,1.0,0.5,5.15,0.0,1,25.75,2.5,0.0
2,1735691196000,1735692291000,4,4.03,1,N,79,263,1,19.8,1.0,0.5,3.72,0.0,1,28.52,2.5,0.0
2,1735692324000,1735693055000,2,2.52,1,N,263,151,1,14.2,1.0,0.5,5.76,0.0,1,24.96,2.5,0.0
2,1735690795000,1735692287000,2,2.87,1,N,142,170,1,22.6,1.0,0.5,0.0,0.0,1,27.6,2.5,0.0
2,1735692801000,1735693518000,2,1.44,1,N,107,68,1,12.1,1.0,0.5,3.42,0.0,1,20.52,2.5,0.0
2,1735690644000,1735690891000,3,0.45,1,N,79,148,1,5.8,1.0,0.5,3.24,0.0,1,14.04,2.5,0.0
2,1735691430000,1735691678000,2,0.68,1,N,79,114,1,6.5,1.0,0.5,2.3,0.0,1,13.8,2.5,0.0
2,1735692085000,1735693314000,1,4.42,1,N,249,97,1,23.3,1.0,0.5,3.0,0.0,1,31.3,2.5,0.0
2,1735690882000,1735691191000,1,0.94,1,N,163,162,1,7.2,1.0,0.5,3.66,0.0,1,15.86,2.5,0.0
2,1735691444000,1735693018000,1,2.87,1,N,163,68,1,23.3,1.0,0.5,7.08,0.0,1,35.38,2.5,0.0
2,1735693089000,1735694573000,1,2.74,1,N,68,170,1,21.9,1.0,0.5,5.38,0.0,1,32.28,2.5,0.0
2,1735690328000,1735690591000,1,0.66,1,N,141,236,1,6.5,1.0,0.5,3.45,0.0,1,14.95,2.5,0.0
2,1735690851000,1735691047000,1,0.79,1,N,263,75,2,5.8,1.0,0.5,0.0,0.0,1,10.8,2.5,0.0
2,1735691622000,1735692841000,1,5.8,1,N,263,129,1,26.1,1.0,0.5,15.0,0.0,1,46.1,2.5,0.0
2,1735691276000,1735691848000,3,1.64,1,N,239,151,1,11.4,1.0,0.5,4.1,0.0,1,20.5,2.5,0.0
2,1735691943000,1735692103000,2,0.69,1,N,151,238,1,5.8,1.0,0.5,2.7,0.0,1,13.5,2.5,0.0
2,1735690758000,1735691319000,1,1.34,1,N,238,24,1,10.7,1.0,0.5,3.14,0.0,1,18.84,2.5,0.0
2,1735691492000,1735692504000,1,2.42,1,N,151,74,1,16.3,1.0,0.5,4.7,0.0,1,23.5,0.0,0.0
2,1735691571000,1735692841000,1,9.58,1,N,132,77,2,39.4,1.0,0.5,0.0,0.0,1,43.65,0.0,1.75
2,1735692059000,1735692766000,1,4.45,1,N,263,107,2,20.5,1.0,0.5,0.0,0.0,1,25.5,2.5,0.0
2,1735693104000,1735693459000,1,0.6,1,N,107,79,1,7.2,1.0,0.5,2.44,0.0,1,14.64,2.5,0.0
2,1735691446000,1735691979000,1,1.1,1,N,234,249,1,9.3,1.0,0.5,2.86,0.0,1,17.16,2.5,0.0
2,1735692132000,1735693020000,1,2.23,1,N,249,209,1,14.9,1.0,0.5,3.98,0.0,1,23.88,2.5,0.0
2,1735691347000,1735692844000,1,4.48,1,N,68,263,1,25.4,1.0,0.5,6.08,0.0,1,36.48,2.5,0.0
2,1735690473000,1735691648000,4,4.67,1,N,87,164,1,24.0,1.0,0.5,5.8,0.0,1,34.8,2.5,0.0
2,1735691820000,1735692626000,2,2.15,1,N,164,125,1,14.2,1.0,0.5,2.88,0.0,1,22.08,2.5,0.0
2,1735692721000,1735694446000,1,4.3,1,N,125,255,1,27.5,1.0,0.5,2.5,0.0,1,35.0,2.5,0.0
2,1735690202000,1735690684000,1,1.82,1,N,239,41,1,11.4,1.0,0.5,3.28,0.0,1,19.68,2.5,0.0
2,1735692876000,1735693459000,1,2.32,1,N,239,75,2,12.8,1.0,0.5,0.0,0.0,1,17.8,2.5,0.0
1,1735691937000,1735692459000,2,1.6,1,N,239,236,1,10.7,3.5,0.5,2.0,0.0,1,17.7,2.5,0.0
1,1735690770000,1735692748000,1,4.7,1,N,261,48,2,28.9,3.5,0.5,0.0,0.0,1,33.9,2.5,0.0
1,1735692932000,1735693629000,1,1.9,1,N,48,239,1,12.8,3.5,0.5,4.45,0.0,1,22.25,2.5,0.0
2,1735690204000,1735690542000,4,2.03,1,N,262,229,2,10.7,1.0,0.5,0.0,0.0,1,15.7,2.5,0.0
2,1735690753000,1735691131000,2,1.61,1,N,229,141,1,9.3,1.0,0.5,2.86,0.0,1,17.16,2.5,0.0
2,1735691189000,1735691582000,1,0.75,1,N,141,262,1,7.9,1.0,0.5,0.64,0.0,1,13.54,2.5,0.0
2,1735692052000,1735692706000,1,2.15,1,N,262,238,1,12.8,1.0,0.5,1.0,0.0,1,18.8,2.5,0.0
1,1735689780000,1735691110000,2,10.4,1,N,138,162,1,40.8,10.25,0.5,0.0,6.94,1,59.49,2.5,1.75
1,1735693034000,1735694738000,1,5.1,1,N,229,129,2,29.6,3.5,0.5,0.0,0.0,1,34.6,2.5,0.0
2,1735690819000,1735692017000,1,2.72,1,N,238,141,2,19.1,1.0,0.5,0.0,0.0,1,24.1,2.5,0.0
2,1735692677000,1735693149000,1,1.12,1,N,233,170,1,8.6,1.0,0.5,4.08,0.0,1,17.68,2.5,0.0
2,1735690996000,1735691126000,1,0.33,1,N,239,238,1,4.4,1.0,0.5,1.88,0.0,1,11.28,2.5,0.0
2,1735693101000,1735694033000,1,3.75,1,N,239,74,1,18.4,1.0,0.5,3.0,0.0,1,26.4,2.5,0.0
2,1735691660000,1735692989000,1,2.33,1,N,50,237,1,19.8,1.0,0.5,4.96,0.0,1,29.76,2.5,0.0
2,1735690079000,1735691809000,1,15.18,1,N,161,200,1,59.7,1.0,0.5,12.94,0.0,1,77.64,2.5,0.0
1,1735690180000,1735691197000,1,3.2,1,N,90,229,1,16.3,3.5,0.5,4.25,0.0,1,25.55,2.5,0.0
1,1735691509000,1735692526000,1,4.9,1,N,162,209,1,23.3,3.5,0.5,5.65,0.0,1,33.95,2.5,0.0
1,1735692569000,1735693164000,1,1.3,1,N,209,232,2,9.3,3.5,0.5,0.0,0.0,1,14.3,2.5,0.0
2,1735690162000,1735690800000,1,6.09,1,N,138,112,2,24.7,6.0,0.5,0.0,0.0,1,33.95,0.0,1.75
2,1735692760000,1735694474000,1,18.57,1,N,93,29,1,68.8,1.0,0.5,12.0,0.0,1,83.3,0.0,0.0
1,1735691207000,1735693836000,1,14.8,99,N,41,122,1,47.5,0.0,0.5,0.0,6.94,1,55.94,0.0,0.0
1,1735690190000,1735690989000,1,0.9,1,N,162,170,1,12.8,3.5,0.5,0.0,0.0,1,17.8,2.5,0.0
1,1735693152000,1735693554000,2,1.1,1,N,237,262,1,8.6,3.5,0.5,0.0,0.0,1,13.6,2.5,0.0
1,1735691425000,1735691699000,1,0.8,1,N,237,236,1,5.8,3.5,0.5,2.15,0.0,1,12.95,2.5,0.0
1,1735693053000,1735693702000,1,1.1,1,N,161,142,1,10.0,3.5,0.5,3.75,0.0,1,18.75,2.5,0.0
2,1735690322000,1735690675000,2,1.13,1,N,237,142,1,7.9,1.0,0.5,3.23,0.0,1,16.13,2.5,0.0
2,1735691467000,1735692274000,1,2.12,1,N,50,237,2,14.9,1.0,0.5,0.0,0.0,1,19.9,2.5,0.0
2,1735690701000,1735691411000,1,2.57,1,N,148,256,1,14.9,1.0,0.5,1.99,0.0,1,21.89,2.5,0.0
1,1735690985000,1735692998000,1,22.0,1,N,132,241,2,80.7,2.75,0.5,0.0,6.94,1,91.89,0.0,1.75
2,1735691169000,1735692669000,1,5.69,5,N,186,265,1,60.0,0.0,0.0,14.88,13.38,1,89.26,0.0,0.0
1,1735690370000,1735691117000,1,1.7,1,N,246,234,1,12.1,3.5,0.5,1.0,0.0,1,18.1,2.5,0.0
1,1735691674000,1735692976000,1,2.0,1,N,158,170,2,18.4,3.5,0.5,0.0,0.0,1,23.4,2.5,0.0
1,1735691016000,1735693835000,1,6.6,1,N,125,7,2,39.4,3.5,0.5,0.0,0.0,1,44.4,2.5,0.0
2,1735689873000,1735690897000,1,5.8,1,N,162,13,2,26.1,1.0,0.5,0.0,0.0,1,31.1,2.5,0.0
2,1735691506000,1735692387000,1,3.54,1,N,261,68,1,17.7,1.0,0.5,4.54,0.0,1,27.24,2.5,0.0
1,1735690815000,1735691463000,1,2.0,1,N,142,141,1,11.4,3.5,0.5,3.3,0.0,1,19.7,2.5,0.0
1,1735691992000,1735693286000,1,2.5,1,N,263,137,1,18.4,3.5,0.5,3.0,0.0,1,26.4,2.5,0.0
2,1735691767000,1735692372000,1,1.45,1,N,68,113,1,10.7,1.0,0.5,3.14,0.0,1,18.84,2.5,0.0
2,1735692652000,1735693387000,1,1.33,1,N,113,125,2,12.1,1.0,0.5,0.0,0.0,1,17.1,2.5,0.0
1,1735691025000,1735691910000,1,1.8,1,N,148,261,2,12.1,3.5,0.5,0.0,0.0,1,17.1,2.5,0.0
1,1735691941000,1735692551000,1,2.4,1,N,261,90,1,12.1,3.5,0.5,0.0,0.0,1,17.1,2.5,0.0
1,1735692724000,1735693349000,1,0.6,1,N,186,137,1,9.3,3.5,0.5,0.0,0.0,1,14.3,2.5,0.0
2,1735691129000,1735692065000,2,1.38,1,N,237,170,1,14.9,1.0,0.5,3.98,0.0,1,23.88,2.5,0.0
2,1735692418000,1735693233000,2,1.37,1,N,234,211,1,12.8,1.0,0.5,4.45,0.0,1,22.25,2.5,0.0
2,1735691250000,1735692600000,1,1.84,1,N,107,246,1,19.8,1.0,0.5,6.2,0.0,1,31.0,2.5,0.0
2,1735692841000,1735694720000,3,5.03,1,N,50,112,1,31.0,1.0,0.5,7.2,0.0,1,43.2,2.5,0.0
1,1735691298000,1735692312000,3,3.2,1,N,140,24,2,16.3,3.5,0.5,0.0,0.0,1,21.3,2.5,0.0
1,1735693185000,1735694744000,1,4.0,1,N,236,113,2,24.0,3.5,0.5,0.0,0.0,1,29.0,2.5,0.0
2,1735691102000,1735691514000,1,1.11,1,N,239,143,1,8.6,1.0,0.5,2.72,0.0,1,16.32,2.5,0.0
2,1735691845000,1735692468000,2,2.24,1,N,143,263,1,12.1,1.0,0.5,1.71,0.0,1,18.81,2.5,0.0
2,1735692682000,1735693035000,2,1.08,1,N,262,75,1,7.9,1.0,0.5,2.58,0.0,1,15.48,2.5,0.0
1,1735692027000,1735693782000,3,8.0,1,N,107,36,1,35.2,3.5,0.5,8.0,0.0,1,48.2,2.5,0.0
2,1735691490000,1735692311000,1,7.14,1,N,50,243,1,28.9,1.0,0.5,10.17,0.0,1,44.07,2.5,0.0
2,1735690592000,1735692456000,2,16.43,2,N,170,219,1,70.0,0.0,0.5,10.0,6.94,1,90.94,2.5,0.0
2,1735691165000,1735691516000,1,0.95,1,N,236,262,2,7.2,1.0,0.5,0.0,0.0,1,12.2,2.5,0.0
2,1735692081000,1735693227000,1,2.16,1,N,140,143,1,17.7,1.0,0.5,6.81,0.0,1,29.51,2.5,0.0
2,1735690969000,1735691436000,1,1.51,1,N,166,151,2,10.7,1.0,0.5,0.0,0.0,1,13.2,0.0,0.0
2,1735692097000,1735692653000,1,2.08,1,N,239,166,1,12.8,1.0,0.5,10.0,0.0,1,27.8,2.5,0.0
2,1735692735000,1735693021000,1,1.49,1,N,166,238,1,7.9,1.0,0.5,3.87,0.0,1,16.77,2.5,0.0
2,1735690579000,1735690847000,3,1.13,1,N,140,236,1,7.2,1.0,0.5,3.66,0.0,1,15.86,2.5,0.0
2,1735691032000,1735691198000,2,0.62,1,N,237,237,1,5.1,1.0,0.5,2.02,0.0,1,12.12,2.5,0.0
2,1735691500000,1735695408000,1,12.32,1,N,236,177,1,63.2,1.0,0.5,13.64,0.0,1,81.84,2.5,0.0
2,1735690926000,1735691675000,1,2.3,1,N,231,234,1,13.5,1.0,0.5,3.7,0.0,1,22.2,2.5,0.0
2,1735692423000,1735693316000,1,2.57,1,N,144,170,1,15.6,1.0,0.5,4.12,0.0,1,24.72,2.5,0.0
1,1735690017000,1735690364000,1,0.6,1,N,246,246,1,7.2,3.5,0.5,2.4,0.0,1,14.6,2.5,0.0
1,1735691839000,1735692068000,1,0.3,1,N,246,246,1,5.8,3.5,0.5,2.15,0.0,1,12.95,2.5,0.0
1,1735692183000,1735692555000,2,0.5,1,N,246,246,2,7.2,3.5,0.5,0.0,0.0,1,12.2,2.5,0.0
1,1735692951000,1735694951000,2,4.9,1,N,246,43,2,33.8,3.5,0.5,0.0,0.0,1,38.8,2.5,0.0
2,1735690164000,1735691486000,1,2.45,1,N,161,143,1,20.5,1.0,0.5,6.38,0.0,1,31.88,2.5,0.0
2,1735691945000,1735692571000,1,1.86,1,N,239,263,1,12.1,1.0,0.5,3.42,0.0,1,20.52,2.5,0.0
2,1735692015000,1735693724000,2,2.52,1,N,164,163,1,24.0,1.0,0.5,5.8,0.0,1,34.8,2.5,0.0
1,1735691243000,1735691591000,1,0.9,1,N,238,143,1,6.5,3.5,0.5,3.45,0.0,1,14.95,2.5,0.0
1,1735691759000,1735692032000,1,1.1,1,N,142,238,1,7.2,3.5,0.5,1.22,0.0,1,13.42,2.5,0.0
2,1735690158000,1735691135000,2,2.94,1,N,236,107,1,17.0,1.0,0.5,4.4,0.0,1,26.4,2.5,0.0
2,1735691020000,1735691522000,1,2.0,1,N,162,236,1,11.4,1.0,0.5,2.46,0.0,1,18.86,2.5,0.0
2,1735692515000,1735693517000,1,1.79,1,N,162,107,1,15.6,1.0,0.5,4.12,0.0,1,24.72,2.5,0.0
2,1735690456000,1735690781000,1,0.74,1,N,68,158,1,6.5,1.0,0.5,1.0,0.0,1,12.5,2.5,0.0
2,1735692130000,1735692262000,2,0.52,1,N,263,263,1,4.4,1.0,0.5,2.35,0.0,1,11.75,2.5,0.0
1,1735690901000,1735691777000,2,1.6,1,N,79,164,1,12.8,3.5,0.5,3.55,0.0,1,21.35,2.5,0.0
2,1735692104000,1735692701000,1,1.07,1,N,79,144,1,10.7,1.0,0.5,3.14,0.0,1,18.84,2.5,0.0
2,1735692821000,1735693137000,1,0.52,1,N,144,211,1,6.5,1.0,0.5,2.5,0.0,1,14.0,2.5,0.0
2,1735690656000,1735690958000,2,1.34,1,N,239,142,1,7.9,1.0,0.5,2.0,0.0,1,14.9,2.5,0.0
2,1735691520000,1735692135000,2,3.04,1,N,142,236,2,14.2,1.0,0.5,0.0,0.0,1,19.2,2.5,0.0
2,1735692535000,1735693711000,2,2.84,1,N,237,234,1,19.8,1.0,0.5,4.96,0.0,1,29.76,2.5,0.0
2,1735691548000,1735692428000,2,2.59,1,N,142,166,1,16.3,1.0,0.5,6.39,0.0,1,27.69,2.5,0.0
2,1735692514000,1735694435000,4,5.73,1,N,166,107,1,32.4,1.0,0.5,7.48,0.0,1,44.88,2.5,0.0
2,1735690429000,1735690683000,2,0.76,1,N,140,140,1,6.5,1.0,0.5,1.3,0.0,1,12.8,2.5,0.0
2,1735690863000,1735691333000,1,2.04,1,N,140,75,2,11.4,1.0,0.5,0.0,0.0,1,16.4,2.5,0.0
2,1735691958000,1735692423000,2,1.98,1,N,238,237,2,10.7,1.0,0.5,0.0,0.0,1,15.7,2.5,0.0
2,1735690564000,1735691858000,2,4.82,1,N,234,112,1,26.8,1.0,0.5,7.95,0.0,1,39.75,2.5,0.0
2,1735692258000,1735692750000,1,1.56,1,N,237,236,1,10.7,1.0,0.5,2.0,0.0,1,17.7,2.5,0.0
2,1735692919000,1735693308000,1,1.91,1,N,229,263,1,10.0,1.0,0.5,3.0,0.0,1,18.0,2.5,0.0
2,1735690765000,1735692547000,1,3.59,1,N,79,246,1,27.5,1.0,0.5,6.5,0.0,1,39.0,2.5,0.0
2,1735690202000,1735691146000,2,0.64,1,N,229,161,1,13.5,1.0,0.5,3.7,0.0,1,22.2,2.5,0.0
2,1735691229000,1735692604000,1,2.44,1,N,161,90,1,20.5,1.0,0.5,5.1,0.0,1,30.6,2.5,0.0
2,1735692745000,1735693133000,2,1.02,1,N,90,114,1,7.9,1.0,0.5,2.58,0.0,1,15.48,2.5,0.0
1,1735691424000,1735692149000,2,3.5,1,N,229,74,2,17.0,3.5,0.5,0.0,0.0,1,22.0,2.5,0.0
1,1735692386000,1735693752000,1,4.3,1,N,75,164,1,24.7,3.5,0.5,1.3,0.0,1,31.0,2.5,0.0
2,1735691186000,1735691787000,3,1.15,1,N,162,186,2,10.7,1.0,0.5,0.0,0.0,1,15.7,2.5,0.0
2,1735693028000,1735693036000,3,0.0,5,N,141,141,1,30.0,0.0,0.0,0.0,0.0,1,33.5,2.5,0.0
2,1735690666000,1735691531000,1,2.92,1,N,68,231,1,16.3,1.0,0.5,4.26,0.0,1,25.56,2.5,0.0
2,1735691836000,1735693261000,2,4.32,1,N,231,229,1,24.0,1.0,0.5,5.8,0.0,1,34.8,2.5,0.0
2,1735690175000,1735690970000,2,2.67,1,N,142,263,1,15.6,1.0,0.5,5.15,0.0,1,25.75,2.5,0.0
2,1735691192000,1735691728000,2,2.34,1,N,263,162,1,12.1,1.0,0.5,3.42,0.0,1,20.52,2.5,0.0
2,1735689913000,1735691794000,1,8.2,1,N,170,189,1,39.4,1.0,0.5,13.32,0.0,1,57.72,2.5,0.0
2,1735690318000,1735690351000,1,0.01,1,N,42,42,4,-3.0,-1.0,-0.5,0.0,0.0,-1,-5.5,0.0,0.0
2,1735690318000,1735690351000,1,0.01,1,N,42,42,4,3.0,1.0,0.5,0.0,0.0,1,5.5,0.0,0.0
2,1735693019000,1735694919000,2,7.49,1,N,41,90,1,37.3,1.0,0.5,12.69,0.0,1,54.99,2.5,0.0
2,1735691094000,1735691434000,2,0.95,1,N,162,237,2,7.9,1.0,0.5,0.0,0.0,1,12.9,2.5,0.0
2,1735691997000,1735692456000,4,2.27,1,N,237,75,1,11.4,1.0,0.5,3.28,0.0,1,19.68,2.5,0.0
2,1735692654000,1735692992000,3,1.32,1,N,236,239,1,8.6,1.0,0.5,2.72,0.0,1,16.32,2.5,0.0
2,1735693166000,1735693340000,3,0.76,1,N,239,143,1,5.8,1.0,0.5,2.16,0.0,1,12.96,2.5,0.0
2,1735691997000,1735692420000,2,2.03,1,N,142,24,1,10.7,1.0,0.5,1.0,0.0,1,16.7,2.5,0.0
2,1735692506000,1735693497000,2,3.09,1,N,24,262,1,18.4,1.0,0.5,5.85,0.0,1,29.25,2.5,0.0
2,1735692155000,1735692277000,2,0.32,1,N,68,90,1,4.4,1.0,0.5,1.88,0.0,1,11.28,2.5,0.0
2,1735692469000,1735692732000,1,0.73,1,N,90,68,1,5.8,1.0,0.5,1.0,0.0,1,11.8,2.5,0.0
2,1735692847000,1735693214000,1,0.41,1,N,246,68,1,7.2,1.0,0.5,2.44,0.0,1,14.64,2.5,0.0
2,1735690048000,1735691388000,1,7.22,1,N,158,166,1,32.4,1.0,0.5,7.48,0.0,1,44.88,2.5,0.0
1,1735690497000,1735691249000,4,1.4,1,N,79,249,1,10.7,2.5,0.5,0.0,0.0,1,14.7,2.5,0.0
1,1735691435000,1735693636000,1,4.4,1,N,90,140,1,27.5,2.5,0.5,6.3,0.0,1,37.8,2.5,0.0
1,1735693002000,1735693713000,1,1.6,1,N,113,231,1,12.8,3.5,0.5,0.0,0.0,1,17.8,2.5,0.0
2,1735690928000,1735692821000,1,7.98,1,N,249,41,2,39.4,1.0,0.5,0.0,0.0,1,44.4,2.5,0.0
2,1735691787000,1735692364000,1,0.63,1,N,246,68,1,9.3,1.0,0.5,2.86,0.0,1,17.16,2.5,0.0
2,1735692989000,1735693718000,1,1.73,1,N,68,113,1,12.8,1.0,0.5,3.56,0.0,1,21.36,2.5,0.0
1,1735691008000,1735692020000,1,2.2,1,N,148,170,1,16.3,3.5,0.5,4.25,0.0,1,25.55,2.5,0.0
1,1735692642000,1735693261000,1,0.9,1,N,234,161,1,10.7,3.5,0.5,3.1,0.0,1,18.8,2.5,0.0
2,1735691647000,1735692218000,2,1.34,1,N,79,211,1,10.7,1.0,0.5,3.14,0.0,1,18.84,2.5,0.0
2,1735692289000,1735692637000,3,0.69,1,N,231,144,1,7.2,1.0,0.5,2.44,0.0,1,14.64,2.5,0.0
2,1735692896000,1735693432000,2,1.39,1,N,114,158,1,10.7,1.0,0.5,3.14,0.0,1,18.84,2.5,0.0
1,1735691995000,1735692452000,2,1.6,1,N,142,264,1,10.0,3.5,0.5,1.5,0.0,1,16.5,2.5,0.0
1,1735692749000,1735693080000,2,0.9,1,N,264,142,1,7.9,3.5,0.5,2.55,0.0,1,15.45,2.5,0.0
2,1735691517000,1735692051000,1,1.23,1,N,90,113,1,10.0,1.0,0.5,2.0,0.0,1,17.0,2.5,0.0
2,1735692518000,1735693101000,1,1.91,1,N,113,231,1,11.4,1.0,0.5,3.28,0.0,1,19.68,2.5,0.0
2,1735689908000,1735690967000,1,1.98,1,N,113,170,1,16.3,1.0,0.5,1.06,0.0,1,22.36,2.5,0.0
2,1735692664000,1735693158000,1,0.85,1,N,107,170,1,9.3,1.0,0.5,3.58,0.0,1,17.88,2.5,0.0
2,1735690677000,1735691817000,4,3.07,1,N,161,236,1,19.1,1.0,0.5,4.34,0.0,1,28.44,2.5,0.0
2,1735692491000,1735692822000,1,0.98,1,N,237,229,1,7.2,1.0,0.5,2.44,0.0,1,14.64,2.5,0.0
2,1735690419000,1735691026000,4,1.71,1,N,43,239,2,12.1,1.0,0.5,0.0,0.0,1,17.1,2.5,0.0
2,1735691099000,1735691826000,4,2.09,1,N,239,141,1,13.5,1.0,0.5,5.55,0.0,1,24.05,2.5,0.0
2,1735692029000,1735692289000,2,0.78,1,N,141,237,1,6.5,1.0,0.5,2.3,0.0,1,13.8,2.5,0.0
2,1735692394000,1735692833000,1,1.25,1,N,237,140,1,9.3,1.0,0.5,2.86,0.0,1,17.16,2.5,0.0
2,1735690198000,1735690468000,1,0.6,1,N,140,263,2,-6.5,-1.0,-0.5,0.0,0.0,-1,-11.5,-2.5,0.0
2,1735690198000,1735690468000,1,0.6,1,N,140,236,2,6.5,1.0,0.5,0.0,0.0,1,11.5,2.5,0.0
2,1735690739000,1735691365000,2,1.53,1,N,263,163,1,12.1,1.0,0.5,3.42,0.0,1,20.52,2.5,0.0
2,1735692657000,1735693018000,3,0.87,1,N,158,249,1,7.9,1.0,0.5,2.58,0.0,1,15.48,2.5,0.0
1,1735692823000,1735693247000,0,0.8,1,N,163,161,2,8.6,3.5,0.5,0.0,0.0,1,13.6,2.5,0.0
2,1735691742000,1735692638000,2,1.9,1,N,161,262,1,14.9,1.0,0.5,2.5,0.0,1,22.4,2.5,0.0
2,1735690862000,1735692232000,1,1.12,1,N,68,164,1,19.8,1.0,0.5,5.0,0.0,1,29.8,2.5,0.0
2,1735690799000,1735691380000,1,1.84,1,N,236,142,1,11.4,1.0,0.5,1.64,0.0,1,18.04,2.5,0.0
2,1735691010000,1735691474000,1,1.09,1,N,79,90,1,9.3,1.0,0.5,1.0,0.0,1,15.3,2.5,0.0
1,1735691259000,1735691805000,2,1.7,1,N,239,236,1,12.1,3.5,0.5,3.4,0.0,1,20.5,2.5,0.0
1,1735691967000,1735692435000,1,1.5,1,N,236,262,1,10.0,3.5,0.5,3.0,0.0,1,18.0,2.5,0.0
2,1735690235000,1735690637000,2,0.93,1,N,237,236,2,8.6,1.0,0.5,0.0,0.0,1,13.6,2.5,0.0
2,1735691202000,1735691647000,2,1.22,1,N,142,239,1,9.3,1.0,0.5,2.86,0.0,1,17.16,2.5,0.0
2,1735691811000,1735692458000,3,1.59,1,N,239,236,1,12.1,1.0,0.5,3.42,0.0,1,20.52,2.5,0.0
2,1735692591000,1735693010000,1,1.57,1,N,236,238,1,10.0,1.0,0.5,3.0,0.0,1,18.0,2.5,0.0
2,1735690814000,1735692068000,3,3.43,1,N,144,50,2,21.9,1.0,0.5,0.0,0.0,1,26.9,2.5,0.0
2,1735692680000,1735692995000,1,1.02,1,N,48,143,1,7.2,1.0,0.5,2.44,0.0,1,14.64,2.5,0.0
2,1735690624000,1735691942000,1,9.82,1,N,132,122,2,40.1,1.0,0.5,0.0,0.0,1,44.35,0.0,1.75
2,1735692837000,1735693151000,1,0.82,1,N,234,79,2,7.2,1.0,0.5,0.0,0.0,1,12.2,2.5,0.0
2,1735691168000,1735691866000,1,3.18,1,N,141,226,1,16.3,1.0,0.5,0.0,0.0,1,21.3,2.5,0.0
2,1735690632000,1735690917000,3,1.46,1,N,263,141,1,8.6,1.0,0.5,1.0,0.0,1,14.6,2.5,0.0
2,1735691042000,1735691910000,3,3.03,1,N,229,239,1,17.0,1.0,0.5,2.0,0.0,1,24.0,2.5,0.0
2,1735692336000,1735693523000,2,4.65,1,N,143,226,1,24.0,1.0,0.5,0.0,0.0,1,29.0,2.5,0.0
2,1735690011000,1735690332000,2,0.61,1,N,144,211,1,7.2,1.0,0.5,2.44,0.0,1,14.64,2.5,0.0
2,1735690773000,1735691381000,1,1.19,1,N,144,107,1,10.0,1.0,0.5,1.0,0.0,1,16.0,2.5,0.0
2,1735691682000,1735692716000,1,2.37,1,N,107,87,1,17.0,1.0,0.5,4.4,0.0,1,26.4,2.5,0.0
1,1735691244000,1735691702000,1,0.7,1,N,113,234,1,8.6,3.5,0.5,10.0,0.0,1,23.6,2.5,0.0
1,1735690356000,1735690738000,2,1.4,1,N,237,75,2,9.3,3.5,0.5,0.0,0.0,1,14.3,2.5,0.0
1,1735691342000,1735693107000,3,8.2,1,N,263,243,1,38.0,3.5,0.5,8.55,0.0,1,51.55,2.5,0.0
2,1735690082000,1735690488000,2,0.99,1,N,237,236,1,8.6,1.0,0.5,1.5,0.0,1,15.1,2.5,0.0
2,1735691485000,1735691793000,1,1.1,1,N,237,229,1,7.2,1.0,0.5,2.44,0.0,1,14.64,2.5,0.0
2,1735692433000,1735692623000,1,0.66,1,N,263,141,2,5.1,1.0,0.5,0.0,0.0,1,10.1,2.5,0.0
2,1735692668000,1735692957000,1,1.18,1,N,141,229,2,7.2,1.0,0.5,0.0,0.0,1,12.2,2.5,0.0
1,1735691616000,1735693264000,1,5.6,1,N,161,261,4,31.0,3.5,0.5,0.0,0.0,1,36.0,2.5,0.0
2,1735692600000,1735692781000,2,0.54,1,N,162,162,1,5.1,1.0,0.5,2.02,0.0,1,12.12,2.5,0.0
2,1735693028000,1735693631000,1,1.68,1,N,161,140,2,11.4,1.0,0.5,0.0,0.0,1,16.4,2.5,0.0
2,1735690743000,1735692217000,6,3.97,1,N,231,229,1,24.0,1.0,0.5,1.0,0.0,1,30.0,2.5,0.0
2,1735692276000,1735692489000,5,0.38,1,N,229,229,1,5.1,1.0,0.5,0.0,0.0,1,10.1,2.5,0.0
2,1735692932000,1735694132000,5,2.24,1,N,229,234,1,18.4,1.0,0.5,7.02,0.0,1,30.42,2.5,0.0
2,1735691924000,1735694127000,1,6.37,1,N,186,255,1,36.6,1.0,0.5,3.0,0.0,1,44.6,2.5,0.0
2,1735691317000,1735692112000,1,3.77,1,N,162,41,1,17.7,1.0,0.5,4.54,0.0,1,27.24,2.5,0.0
2,1735689777000,1735690085000,1,0.86,1,N,141,140,2,7.2,1.0,0.5,0.0,0.0,1,12.2,2.5,0.0
2,1735690128000,1735691240000,1,3.79,1,N,234,261,1,20.5,1.0,0.5,5.1,0.0,1,30.6,2.5,0.0
2,1735692377000,1735693494000,1,4.32,1,N,113,40,1,21.9,1.0,0.5,5.0,0.0,1,31.9,2.5,0.0
2,1735691266000,1735692023000,1,1.1,1,N,43,170,2,12.8,1.0,0.5,0.0,0.0,1,17.8,2.5,0.0
1,1735690397000,1735691197000,2,1.6,1,N,237,229,3,12.1,3.5,0.5,0.0,0.0,1,17.1,2.5,0.0
1,1735692507000,1735693522000,1,3.5,1,N,142,41,1,17.0,3.5,0.5,5.5,0.0,1,27.5,2.5,0.0
2,1735690062000,1735690612000,1,1.35,1,N,158,113,1,10.0,1.0,0.5,3.0,0.0,1,18.0,2.5,0.0
2,1735692348000,1735692966000,1,1.28,1,N,162,229,1,10.7,1.0,0.5,3.14,0.0,1,18.84,2.5,0.0
2,1735690243000,1735690703000,1,1.22,1,N,170,140,1,9.3,1.0,0.5,2.86,0.0,1,17.16,2.5,0.0
2,1735690953000,1735691319000,1,1.43,1,N,140,236,1,8.6,1.0,0.5,2.72,0.0,1,16.32,2.5,0.0
2,1735691430000,1735691941000,1,1.3,1,N,236,238,1,10.0,1.0,0.5,3.0,0.0,1,18.0,2.5,0.0
2,1735692190000,1735692415000,1,1.02,1,N,238,166,1,6.5,1.0,0.5,0.0,0.0,1,11.5,2.5,0.0
1,1735691351000,1735692153000,1,1.6,1,N,137,224,1,11.4,3.5,0.5,3.0,0.0,1,19.4,2.5,0.0
1,1735692501000,1735692967000,1,0.7,1,N,79,232,1,7.9,3.5,0.5,2.6,0.0,1,15.5,2.5,0.0
2,1735690116000,1735690827000,1,1.7,1,N,141,48,1,12.8,1.0,0.5,4.45,0.0,1,22.25,2.5,0.0
2,1735691381000,1735693085000,1,5.82,1,N,142,202,1,29.6,1.0,0.5,6.92,0.0,1,41.52,2.5,0.0
2,1735693036000,1735694121000,1,2.47,1,N,140,50,2,17.0,1.0,0.5,0.0,0.0,1,22.0,2.5,0.0
2,1735690874000,1735692609000,1,6.43,1,N,43,211,1,33.8,1.0,0.5,11.64,0.0,1,50.44,2.5,0.0
2,1735690995000,1735691281000,1,0.91,1,N,142,239,1,7.2,1.0,0.5,2.44,0.0,1,14.64,2.5,0.0
2,1735691367000,1735691457000,1,0.3,1,N,239,239,2,4.4,1.0,0.5,0.0,0.0,1,9.4,2.5,0.0
2,1735691776000,1735692431000,1,2.02,1,N,239,140,1,12.8,1.0,0.5,1.0,0.0,1,18.8,2.5,0.0
2,1735692558000,1735692946000,1,1.27,1,N,140,263,1,9.3,1.0,0.5,2.14,0.0,1,16.44,2.5,0.0
2,1735691335000,1735691871000,2,1.24,1,N,114,186,2,10.0,1.0,0.5,0.0,0.0,1,15.0,2.5,0.0
2,1735692194000,1735693340000,2,1.32,1,N,186,137,1,16.3,1.0,0.5,4.26,0.0,1,25.56,2.5,0.0
2,1735690798000,1735691492000,1,3.36,1,N,137,263,1,15.6,1.0,0.5,3.0,0.0,1,23.6,2.5,0.0
2,1735691957000,1735693162000,1,2.18,1,N,229,107,1,18.4,1.0,0.5,4.68,0.0,1,28.08,2.5,0.0
2,1735689924000,1735690272000,1,1.53,1,N,142,238,1,9.3,1.0,0.5,2.86,0.0,1,17.16,2.5,0.0
2,1735690716000,1735691021000,1,0.78,1,N,142,142,2,7.2,1.0,0.5,0.0,0.0,1,12.2,2.5,0.0
2,1735691374000,1735692963000,1,3.27,1,N,142,234,1,24.7,1.0,0.5,7.42,0.0,1,37.12,2.5,0.0
2,1735690642000,1735690972000,2,0.91,1,N,107,107,1,7.2,1.0,0.5,2.44,0.0,1,14.64,2.5,0.0
2,1735690726000,1735691716000,2,2.18,1,N,79,162,1,15.6,1.0,0.5,4.12,0.0,1,24.72,2.5,0.0
2,1735693037000,1735694058000,4,2.08,1,N,107,229,1,16.3,1.0,0.5,2.0,0.0,1,23.3,2.5,0.0
2,1735690293000,1735690625000,2,1.24,1,N,263,140,1,7.9,1.0,0.5,3.23,0.0,1,16.13,2.5,0.0
2,1735691523000,1735693140000,1,2.1,1,N,163,107,1,22.6,1.0,0.5,2.0,0.0,1,29.6,2.5,0.0
2,1735692880000,1735693239000,1,1.01,1,N,137,233,1,7.9,1.0,0.5,2.58,0.0,1,15.48,2.5,0.0
2,1735690282000,1735690577000,2,1.47,1,N,137,4,1,8.6,1.0,0.5,2.72,0.0,1,16.32,2.5,0.0
2,1735690865000,1735691989000,2,2.61,1,N,79,90,1,18.4,1.0,0.5,1.0,0.0,1,24.4,2.5,0.0
2,1735692582000,1735694167000,2,2.12,1,N,90,50,1,22.6,1.0,0.5,5.52,0.0,1,33.12,2.5,0.0
2,1735689967000,1735690239000,2,0.42,1,N,79,4,2,5.8,1.0,0.5,0.0,0.0,1,10.8,2.5,0.0
2,1735690622000,1735691453000,4,2.32,1,N,79,233,1,14.9,1.0,0.5,3.98,0.0,1,23.88,2.5,0.0
2,1735692223000,1735693438000,1,3.43,1,N,234,263,1,20.5,1.0,0.5,5.1,0.0,1,30.6,2.5,0.0
2,1735689701000,1735690529000,1,7.15,1,N,138,80,1,29.6,6.0,0.5,40.0,0.0,1,78.85,0.0,1.75
2,1735691768000,1735692892000,4,11.86,1,N,138,241,1,45.0,6.0,0.5,30.0,6.94,1,91.19,0.0,1.75
2,1735691373000,1735691799000,1,0.78,1,N,79,148,1,7.9,1.0,0.5,2.58,0.0,1,15.48,2.5,0.0
2,1735691912000,1735692620000,1,1.6,1,N,148,249,1,12.8,1.0,0.5,3.56,0.0,1,21.36,2.5,0.0
2,1735693034000,1735693770000,1,1.54,1,N,249,79,1,12.8,1.0,0.5,3.56,0.0,1,21.36,2.5,0.0
2,1735690727000,1735691321000,1,1.38,1,N,114,158,1,10.7,1.0,0.5,3.92,0.0,1,19.62,2.5,0.0
2,1735691598000,1735692644000,1,2.66,1,N,158,209,1,17.0,1.0,0.5,4.4,0.0,1,26.4,2.5,0.0
2,1735693092000,1735694090000,1,2.55,1,N,231,107,1,17.0,1.0,0.5,4.4,0.0,1,26.4,2.5,0.0
2,1735689810000,1735690597000,3,5.81,1,N,70,95,1,24.7,6.0,0.5,6.44,0.0,1,40.39,0.0,1.75
2,1735691998000,1735693286000,1,8.02,1,N,138,112,1,35.2,6.0,0.5,8.54,0.0,1,52.99,0.0,1.75
2,1735692613000,1735693880000,1,3.84,1,N,48,151,2,-24.0,-1.0,-0.5,0.0,0.0,-1,-29.0,-2.5,0.0
2,1735692613000,1735693880000,1,3.84,1,N,48,24,2,24.0,1.0,0.5,0.0,0.0,1,29.0,2.5,0.0
2,1735692475000,1735692901000,1,1.79,1,N,263,162,1,10.0,1.0,0.5,3.0,0.0,1,18.0,2.5,0.0
2,1735691241000,1735692194000,2,3.77,1,N,68,88,1,19.8,1.0,0.5,4.96,0.0,1,29.76,2.5,0.0
2,1735692320000,1735693405000,1,3.54,1,N,88,249,1,20.5,1.0,0.5,5.6,0.0,1,33.6,2.5,0.0
2,1735690650000,1735691621000,1,2.66,1,N,239,162,1,17.0,1.0,0.5,4.4,0.0,1,26.4,2.5,0.0
1,1735690396000,1735692386000,2,4.8,1,N,114,141,1,31.0,3.5,0.5,7.2,0.0,1,43.2,2.5,0.0
1,1735693116000,1735693546000,2,0.7,1,N,161,229,1,7.9,3.5,0.5,2.58,0.0,1,15.48,2.5,0.0
1,1735689790000,1735690439000,1,2.9,1,N,170,236,1,14.9,3.5,0.5,3.95,0.0,1,23.85,2.5,0.0
1,1735692941000,1735694878000,1,7.7,1,N,148,75,1,36.6,3.5,0.5,8.3,0.0,1,49.9,2.5,0.0
2,1735690006000,1735692343000,1,3.31,1,N,48,113,1,32.4,1.0,0.5,7.48,0.0,1,44.88,2.5,0.0
2,1735692682000,1735695002000,1,8.47,1,N,113,42,1,43.6,1.0,0.5,9.72,0.0,1,58.32,2.5,0.0
2,1735690785000,1735693043000,1,3.36,1,N,246,229,1,31.7,1.0,0.5,7.34,0.0,1,44.04,2.5,0.0
1,1735691260000,1735693170000,1,0.0,1,N,168,76,1,50.5,0.0,0.5,0.0,6.94,1,58.94,0.0,0.0
2,1735691310000,1735692796000,2,1.92,1,N,90,48,1,21.9,1.0,0.5,5.38,0.0,1,32.28,2.5,0.0
2,1735692893000,1735694079000,1,3.43,1,N,48,263,1,21.2,1.0,0.5,5.24,0.0,1,31.44,2.5,0.0
1,1735691050000,1735691556000,1,3.2,1,N,138,7,1,14.9,7.75,0.5,6.0,0.0,1,30.15,0.0,1.75
1,1735692438000,1735693247000,2,8.9,1,N,138,140,1,34.5,10.25,0.5,5.32,6.94,1,58.51,2.5,1.75
1,1735691937000,1735692372000,0,1.2,1,N,170,79,2,9.3,3.5,0.5,0.0,0.0,1,14.3,2.5,0.0
2,1735690162000,1735690348000,1,0.84,1,N,237,236,1,5.8,1.0,0.5,1.62,0.0,1,12.42,2.5,0.0
2,1735690505000,1735690730000,1,1.49,1,N,236,229,1,7.9,1.0,0.5,2.58,0.0,1,15.48,2.5,0.0
2,1735690857000,1735691586000,1,3.31,1,N,229,107,1,17.7,1.0,0.5,4.54,0.0,1,27.24,2.5,0.0
2,1735692716000,1735693150000,1,1.24,1,N,141,262,1,9.3,1.0,0.5,2.86,0.0,1,17.16,2.5,0.0
2,1735690339000,1735692064000,2,7.3,1,N,79,24,1,35.2,1.0,0.5,4.8,0.0,1,45.0,2.5,0.0
2,1735692609000,1735692976000,2,1.08,1,N,239,142,1,8.6,1.0,0.5,2.72,0.0,1,16.32,2.5,0.0
1,1735691487000,1735692474000,1,2.1,1,N,237,107,1,15.6,3.5,0.5,4.1,0.0,1,24.7,2.5,0.0
2,1735689849000,1735690664000,2,2.72,1,N,234,87,1,14.9,1.0,0.5,2.98,0.0,1,22.88,2.5,0.0
2,1735691054000,1735691393000,1,0.63,1,N,87,231,1,6.5,1.0,0.5,2.3,0.0,1,13.8,2.5,0.0
2,1735692533000,1735693063000,2,1.34,1,N,113,170,2,10.0,1.0,0.5,0.0,0.0,1,15.0,2.5,0.0
2,1735692060000,1735692885000,1,1.02,1,N,137,186,1,12.8,1.0,0.5,3.56,0.0,1,21.36,2.5,0.0
2,1735691846000,1735692552000,1,0.97,1,N,48,48,1,11.4,1.0,0.5,4.1,0.0,1,20.5,2.5,0.0
2,1735692871000,1735693418000,1,1.03,1,N,163,229,1,10.0,1.0,0.5,3.0,0.0,1,18.0,2.5,0.0
1,1735691352000,1735692904000,1,5.8,1,N,262,68,1,28.2,3.5,0.5,6.65,0.0,1,39.85,2.5,0.0
2,1735690526000,1735690814000,1,0.92,1,N,107,233,1,7.2,1.0,0.5,2.44,0.0,1,14.64,2.5,0.0
2,1735691752000,1735693712000,1,4.09,1,N,79,142,1,29.6,1.0,0.5,5.0,0.0,1,39.6,2.5,0.0
2,1735691914000,1735692484000,1,1.2,1,N,164,233,1,10.0,1.0,0.5,3.0,0.0,1,18.0,2.5,0.0
2,1735690149000,1735690471000,1,0.56,1,N,137,164,2,6.5,1.0,0.5,0.0,0.0,1,11.5,2.5,0.0
2,1735692373000,1735693615000,1,2.43,1,N,170,141,1,19.8,1.0,0.5,0.0,0.0,1,24.8,2.5,0.0
2,1735691111000,1735692670000,1,1.87,1,N,90,161,1,21.9,1.0,0.5,5.38,0.0,1,32.28,2.5,0.0
2,1735693052000,1735694121000,1,3.34,1,N,237,48,1,19.1,1.0,0.5,4.82,0.0,1,28.92,2.5,0.0
2,1735690767000,1735691510000,4,2.58,1,N,263,137,1,14.2,1.0,0.5,3.0,0.0,1,22.2,2.5,0.0
2,1735692497000,1735693123000,2,2.21,1,N,229,263,1,12.8,1.0,0.5,5.34,0.0,1,23.14,2.5,0.0
2,1735690720000,1735690849000,2,0.47,1,N,229,229,1,4.4,1.0,0.5,1.88,0.0,1,11.28,2.5,0.0
2,1735691115000,1735691971000,1,2.88,1,N,141,238,1,17.0,1.0,0.5,4.4,0.0,1,26.4,2.5,0.0
2,1735692172000,1735692531000,1,1.26,1,N,238,143,1,8.6,1.0,0.5,2.72,0.0,1,16.32,2.5,0.0
2,1735692628000,1735693292000,2,2.23,1,N,143,263,1,13.5,1.0,0.5,2.0,0.0,1,20.5,2.5,0.0
2,1735690684000,1735691456000,1,7.41,1,N,138,217,1,30.3,6.0,0.5,7.56,0.0,1,47.11,0.0,1.75
2,1735690170000,1735690741000,1,1.28,1,N,114,148,1,10.0,1.0,0.5,3.0,0.0,1,18.0,2.5,0.0
2,1735690918000,1735691150000,1,0.75,1,N,148,79,2,5.8,1.0,0.5,0.0,0.0,1,10.8,2.5,0.0
2,1735691775000,1735692046000,1,0.83,1,N,114,79,1,6.5,1.0,0.5,2.3,0.0,1,13.8,2.5,0.0
2,1735692860000,1735693220000,1,1.28,1,N,144,231,1,8.6,1.0,0.5,0.0,0.0,1,13.6,2.5,0.0
2,1735693182000,1735694688000,1,5.23,1,N,237,255,1,28.2,1.0,0.5,4.5,0.0,1,37.7,2.5,0.0
2,1735691000000,1735691366000,1,0.69,1,N,162,162,1,7.2,1.0,0.5,2.8,0.0,1,15.0,2.5,0.0
2,1735691475000,1735692186000,1,2.45,1,N,233,263,1,13.5,1.0,0.5,1.0,0.0,1,19.5,2.5,0.0
1,1735690459000,1735691531000,2,4.6,1,Y,137,238,1,21.2,3.5,0.5,2.0,0.0,1,28.2,2.5,0.0
1,1735691987000,1735692419000,2,1.2,1,Y,239,48,2,8.6,3.5,0.5,0.0,0.0,1,13.6,2.5,0.0
1,1735692631000,1735693118000,2,2.4,1,Y,143,151,1,12.1,3.5,0.5,5.1,0.0,1,22.2,2.5,0.0
1,1735693167000,1735693655000,1,1.9,1,Y,151,236,1,10.7,3.5,0.5,4.7,0.0,1,20.4,2.5,0.0
2,1735690380000,1735691433000,1,7.64,1,N,138,36,1,32.4,6.0,0.5,4.0,0.0,1,45.65,0.0,1.75
2,1735692086000,1735692687000,1,2.49,1,N,87,97,1,13.5,1.0,0.5,3.7,0.0,1,22.2,2.5,0.0
2,1735692725000,1735693291000,2,1.51,1,N,151,239,1,11.4,1.0,0.5,4.1,0.0,1,20.5,2.5,0.0
2,1735690170000,1735692416000,1,9.78,1,N,195,151,1,47.1,1.0,0.5,11.81,6.94,1,70.85,2.5,0.0
2,1735692665000,1735693295000,1,1.69,1,N,238,263,1,12.1,1.0,0.5,3.42,0.0,1,20.52,2.5,0.0
2,1735693135000,1735693389000,2,0.46,1,N,142,48,1,5.8,1.0,0.5,2.16,0.0,1,12.96,2.5,0.0
2,1735691281000,1735692134000,1,1.88,1,N,162,186,1,14.2,1.0,0.5,0.0,0.0,1,19.2,2.5,0.0
2,1735692333000,1735692991000,3,0.96,1,N,234,107,1,10.7,1.0,0.5,3.14,0.0,1,18.84,2.5,0.0
2,1735693011000,1735693993000,3,2.33,1,N,246,79,1,16.3,1.0,0.5,4.26,0.0,1,25.56,2.5,0.0
2,1735691387000,1735691905000,1,2.2,1,N,229,263,1,11.4,1.0,0.5,3.28,0.0,1,19.68,2.5,0.0
2,1735692378000,1735692493000,1,0.54,1,N,141,263,1,5.1,1.0,0.5,2.52,0.0,1,12.62,2.5,0.0
2,1735692850000,1735693739000,1,2.24,1,N,140,142,1,14.9,1.0,0.5,5.97,0.0,1,25.87,2.5,0.0
2,1735690585000,1735692762000,3,4.61,1,N,114,142,1,33.8,1.0,0.5,7.76,0.0,1,46.56,2.5,0.0
2,1735692903000,1735694777000,3,2.45,1,N,142,186,1,25.4,1.0,0.5,0.0,0.0,1,30.4,2.5,0.0
2,1735690549000,1735692199000,2,4.81,1,N,249,236,1,28.9,1.0,0.5,8.48,0.0,1,42.38,2.5,0.0
1,1735692109000,1735692563000,5,2.0,1,N,264,264,1,10.7,1.0,0.5,3.14,2.5,1,18.84,0.0,0.0
1,1735693193000,1735694984000,5,5.0,1,N,264,264,1,26.1,1.0,0.5,5.0,2.5,1,36.1,0.0,0.0
2,1735691494000,1735693299000,2,1.03,1,N,170,164,2,24.0,1.0,0.5,0.0,0.0,1,29.0,2.5,0.0
1,1735690240000,1735691374000,1,9.9,1,N,138,189,1,40.1,7.75,0.5,8.0,0.0,1,57.35,0.0,1.75
1,1735690029000,1735690330000,1,0.5,1,N,237,237,2,5.8,3.5,0.5,0.0,0.0,1,10.8,2.5,0.0
1,1735691279000,1735691715000,1,0.9,1,N,162,141,1,7.2,3.5,0.5,2.45,0.0,1,14.65,2.5,0.0
1,1735691753000,1735692079000,1,0.5,1,N,141,229,1,5.8,3.5,0.5,2.15,0.0,1,12.95,2.5,0.0
1,1735693130000,1735693507000,1,0.7,1,N,163,162,1,6.5,3.5,0.5,2.9,0.0,1,14.4,2.5,0.0
1,1735690816000,1735691209000,1,1.0,1,N,263,262,1,8.6,3.5,0.5,3.4,0.0,1,17.0,2.5,0.0
1,1735691471000,1735692270000,3,4.0,1,N,262,224,2,19.1,3.5,0.5,0.0,0.0,1,24.1,2.5,0.0
1,1735692520000,1735693337000,1,2.5,1,N,137,237,1,14.9,3.5,0.5,1.99,0.0,1,21.89,2.5,0.0
2,1735692099000,1735693129000,2,2.58,1,N,237,238,1,17.7,1.0,0.5,4.54,0.0,1,27.24,2.5,0.0
2,1735690492000,1735691872000,1,2.6,1,N,114,233,1,20.5,1.0,0.5,5.1,0.0,1,30.6,2.5,0.0
2,1735692083000,1735692565000,1,0.99,1,N,233,229,2,8.6,1.0,0.5,0.0,0.0,1,13.6,2.5,0.0
2,1735692719000,1735693064000,1,1.39,1,N,229,263,2,7.9,1.0,0.5,0.0,0.0,1,12.9,2.5,0.0
2,1735690297000,1735690721000,2,1.25,1,N,239,236,1,9.3,1.0,0.5,2.86,0.0,1,17.16,2.5,0.0
2,1735690901000,1735691350000,1,1.06,1,N,236,141,2,9.3,1.0,0.5,0.0,0.0,1,14.3,2.5,0.0
2,1735691624000,1735692455000,4,4.79,1,N,141,79,1,21.9,1.0,0.5,5.38,0.0,1,32.28,2.5,0.0
2,1735692517000,1735692970000,2,1.47,1,N,79,107,1,9.3,1.0,0.5,2.14,0.0,1,16.44,2.5,0.0
2,1735693085000,1735693393000,2,0.79,1,N,107,79,1,7.2,1.0,0.5,3.05,0.0,1,15.25,2.5,0.0
2,1735690335000,1735690892000,1,1.78,1,N,142,141,1,11.4,1.0,0.5,2.0,0.0,1,18.4,2.5,0.0
2,1735690264000,1735690918000,1,1.74,1,N,231,249,1,11.4,1.0,0.5,5.0,0.0,1,21.4,2.5,0.0
2,1735691490000,1735692149000,1,1.53,1,N,249,186,1,12.1,1.0,0.5,3.42,0.0,1,20.52,2.5,0.0
2,1735691594000,1735692220000,2,1.38,1,N,113,90,1,11.4,1.0,0.5,3.28,0.0,1,19.68,2.5,0.0
2,1735692532000,1735694033000,2,2.31,1,N,90,142,1,22.6,1.0,0.5,6.9,0.0,1,34.5,2.5,0.0
2,1735690618000,1735691316000,1,6.59,1,N,138,95,1,26.1,6.0,0.5,10.08,0.0,1,45.43,0.0,1.75
2,1735692566000,1735694087000,1,12.15,1,N,138,79,1,49.2,6.0,0.5,0.0,6.94,1,67.89,2.5,1.75
1,1735691304000,1735692742000,1,12.2,1,N,138,35,1,48.5,7.75,0.5,11.55,0.0,1,69.3,0.0,1.75
1,1735691100000,1735691827000,1,2.1,1,N,88,114,1,12.1,3.5,0.5,3.4,0.0,1,20.5,2.5,0.0
2,1735691054000,1735691310000,1,0.66,1,N,237,236,1,6.5,1.0,0.5,2.88,0.0,1,14.38,2.5,0.0
2,1735691630000,1735692117000,1,1.3,1,N,237,229,2,10.0,1.0,0.5,0.0,0.0,1,15.0,2.5,0.0
2,1735692236000,1735694006000,1,5.14,1,N,229,87,1,29.6,1.0,0.5,2.0,0.0,1,36.6,2.5,0.0
1,1735692254000,1735692669000,2,1.6,1,N,239,236,1,9.3,3.5,0.5,2.7,0.0,1,17.0,2.5,0.0
2,1735691843000,1735692514000,1,0.91,1,N,161,164,1,10.7,1.0,0.5,3.92,0.0,1,19.62,2.5,0.0
2,1735691294000,1735691664000,2,0.87,1,N,144,125,1,7.9,1.0,0.5,3.23,0.0,1,16.13,2.5,0.0
2,1735692008000,1735694135000,1,8.57,1,N,249,168,2,40.8,1.0,0.5,0.0,0.0,1,45.8,2.5,0.0
1,1735692112000,1735692400000,1,0.1,1,N,164,164,1,5.1,3.5,0.5,1.0,0.0,1,11.1,2.5,0.0
2,1735691982000,1735692462000,2,2.1,1,N,142,24,1,11.4,1.0,0.5,3.28,0.0,1,19.68,2.5,0.0
2,1735690281000,1735690951000,4,1.89,1,N,68,148,2,12.1,1.0,0.5,0.0,0.0,1,17.1,2.5,0.0
2,1735691848000,1735692852000,1,3.26,1,N,249,65,1,19.1,1.0,0.5,2.0,0.0,1,26.1,2.5,0.0
2,1735687803000,1735688582000,1,3.0,1,N,246,13,1,16.3,1.0,0.5,5.32,0.0,1,26.62,2.5,0.0
2,1735690489000,1735690986000,1,0.43,1,N,164,164,1,8.6,1.0,0.5,2.0,0.0,1,15.6,2.5,0.0
2,1735690163000,1735691203000,1,3.59,1,N,79,256,1,20.5,1.0,0.5,6.0,0.0,1,31.5,2.5,0.0
2,1735692005000,1735692441000,2,0.97,1,N,148,114,1,9.3,1.0,0.5,2.86,0.0,1,17.16,2.5,0.0
2,1735692501000,1735694879000,2,6.04,1,N,114,151,1,39.4,1.0,0.5,8.88,0.0,1,53.28,2.5,0.0
1,1735691079000,1735692210000,4,2.6,1,N,50,141,1,18.4,3.5,0.5,2.0,0.0,1,25.4,2.5,0.0
1,1735693194000,1735694040000,4,1.2,1,N,161,137,2,13.5,3.5,0.5,0.0,0.0,1,18.5,2.5,0.0
2,1735691277000,1735691933000,2,1.94,1,N,141,170,1,12.8,1.0,0.5,2.67,0.0,1,20.47,2.5,0.0
2,1735692135000,1735692899000,2,1.43,1,N,137,68,2,12.8,1.0,0.5,0.0,0.0,1,17.8,2.5,0.0
2,1735693148000,1735695201000,1,4.16,1,N,68,151,1,31.7,1.0,0.5,7.34,0.0,1,44.04,2.5,0.0
2,1735691510000,1735692502000,1,1.29,1,N,237,170,1,14.9,1.0,0.5,3.98,0.0,1,23.88,2.5,0.0
2,1735692691000,1735694102000,1,2.75,1,N,164,262,1,21.2,1.0,0.5,5.24,0.0,1,31.44,2.5,0.0
1,1735690088000,1735691789000,2,4.9,1,N,263,246,1,28.2,3.5,0.5,6.6,0.0,1,39.8,2.5,0.0
1,1735691917000,1735693835000,2,3.5,1,N,246,151,1,28.9,3.5,0.5,6.75,0.0,1,40.65,2.5,0.0
2,1735693009000,1735693014000,4,0.0,5,N,164,164,1,20.0,0.0,0.0,7.05,0.0,1,30.55,2.5,0.0
2,1735691507000,1735692521000,2,2.78,1,N,113,229,1,17.7,1.0,0.5,4.54,0.0,1,27.24,2.5,0.0
2,1735690685000,1735692056000,2,5.08,1,N,236,186,1,26.1,1.0,0.5,6.22,0.0,1,37.32,2.5,0.0
2,1735691879000,1735693174000,1,3.2,1,N,234,236,1,21.9,1.0,0.5,4.04,0.0,1,30.94,2.5,0.0
2,1735693059000,1735693598000,2,1.03,1,N,79,148,1,10.0,1.0,0.5,3.0,0.0,1,18.0,2.5,0.0
2,1735690337000,1735690964000,2,1.84,1,N,90,125,1,11.4,1.0,0.5,3.28,0.0,1,19.68,2.5,0.0
2,1735689977000,1735691891000,4,5.8,1,N,79,238,1,31.0,1.0,0.5,7.2,0.0,1,43.2,2.5,0.0
2,1735692220000,1735692887000,2,2.28,1,N,239,41,1,13.5,1.0,0.5,2.0,0.0,1,20.5,2.5,0.0
2,1735690442000,1735690799000,1,1.1,1,N,48,142,1,7.9,1.0,0.5,1.29,0.0,1,14.19,2.5,0.0
2,1735690960000,1735691399000,1,0.98,1,N,142,141,1,8.6,1.0,0.5,4.08,0.0,1,17.68,2.5,0.0
2,1735691726000,1735692842000,1,2.21,1,N,141,48,1,17.7,1.0,0.5,0.0,0.0,1,22.7,2.5,0.0
2,1735693017000,1735693579000,2,0.75,1,N,48,246,1,9.3,1.0,0.5,1.0,0.0,1,15.3,2.5,0.0
1,1735692045000,1735692763000,2,1.0,1,N,163,233,1,12.1,3.5,0.5,3.4,0.0,1,20.5,2.5,0.0
1,1735689987000,1735691270000,1,4.3,1,N,107,75,4,19.8,3.5,0.5,0.0,0.0,1,24.8,2.5,0.0
1,1735691527000,1735692021000,1,1.9,1,N,43,229,1,10.7,3.5,0.5,3.15,0.0,1,18.85,2.5,0.0
1,1735692097000,1735692397000,1,1.7,1,N,229,262,2,8.6,3.5,0.5,0.0,0.0,1,13.6,2.5,0.0
1,1735692800000,1735692983000,1,0.8,1,N,141,229,2,5.8,3.5,0.5,0.0,0.0,1,10.8,2.5,0.0
2,1735690381000,1735690921000,2,1.53,1,N,238,142,1,10.7,1.0,0.5,2.36,0.0,1,18.06,2.5,0.0
2,1735691085000,1735691400000,1,1.16,1,N,142,142,1,7.9,1.0,0.5,2.58,0.0,1,15.48,2.5,0.0
2,1735691948000,1735692247000,2,0.84,1,N,142,143,1,7.2,1.0,0.5,2.44,0.0,1,14.64,2.5,0.0
2,1735692351000,1735692519000,2,0.53,1,N,143,142,1,5.1,1.0,0.5,2.52,0.0,1,12.62,2.5,0.0
2,1735692665000,1735692852000,1,0.92,1,N,142,239,2,-6.5,-1.0,-0.5,0.0,0.0,-1,-11.5,-2.5,0.0
2,1735692665000,1735692852000,1,0.92,1,N,142,239,2,6.5,1.0,0.5,0.0,0.0,1,11.5,2.5,0.0
1,1735692712000,1735693118000,1,0.6,1,N,79,114,2,7.9,3.5,0.5,0.0,0.0,1,12.9,2.5,0.0
1,1735692504000,1735692815000,1,0.9,1,N,90,158,1,6.5,3.5,0.5,2.9,0.0,1,14.4,2.5,0.0
1,1735692870000,1735693387000,1,1.5,1,N,158,231,1,9.3,3.5,0.5,4.3,0.0,1,18.6,2.5,0.0
1,1735690954000,1735692669000,2,2.6,1,N,161,158,1,23.3,3.5,0.5,5.65,0.0,1,33.95,2.5,0.0
2,1735690477000,1735691806000,1,4.98,1,N,87,170,1,26.8,1.0,0.5,6.36,0.0,1,38.16,2.5,0.0
2,1735692537000,1735692937000,1,0.62,1,N,234,79,1,7.2,1.0,0.5,2.44,0.0,1,14.64,2.5,0.0
2,1735693043000,1735694681000,1,4.13,1,N,107,142,1,25.4,1.0,0.5,6.08,0.0,1,36.48,2.5,0.0
2,1735691337000,1735691673000,1,1.29,1,N,263,141,1,7.9,1.0,0.5,2.58,0.0,1,15.48,2.5,0.0
2,1735691811000,1735692413000,1,0.86,1,N,141,233,1,10.0,1.0,0.5,0.0,0.0,1,15.0,2.5,0.0
2,1735693103000,1735695359000,1,6.16,1,N,234,42,1,35.9,1.0,0.5,12.27,0.0,1,53.17,2.5,0.0
1,1735691018000,1735691643000,1,1.6,1,N,246,234,1,10.0,3.5,0.5,3.75,0.0,1,18.75,2.5,0.0
1,1735692092000,1735692814000,1,1.3,1,N,249,79,1,10.7,3.5,0.5,1.0,0.0,1,16.7,2.5,0.0
1,1735693113000,1735693844000,1,2.3,1,N,233,140,1,13.5,3.5,0.5,3.7,0.0,1,22.2,2.5,0.0
2,1735693031000,1735694529000,2,9.74,1,N,138,235,2,42.9,6.0,0.5,0.0,6.94,1,59.09,0.0,1.75
2,1735691403000,1735692587000,2,4.62,1,N,261,107,1,23.3,1.0,0.5,2.0,0.0,1,30.3,2.5,0.0
2,1735692936000,1735693842000,2,3.8,1,N,148,162,1,20.5,1.0,0.5,1.0,0.0,1,26.5,2.5,0.0
2,1735690543000,1735691963000,4,3.35,1,N,79,237,1,21.9,1.0,0.5,5.38,0.0,1,32.28,2.5,0.0
2,1735692243000,1735692384000,1,0.06,1,N,237,237,4,-4.4,-1.0,-0.5,0.0,0.0,-1,-9.4,-2.5,0.0
2,1735692243000,1735692384000,1,0.06,1,N,237,141,4,4.4,1.0,0.5,0.0,0.0,1,9.4,2.5,0.0
2,1735692609000,1735693418000,2,1.39,1,N,229,164,1,12.8,1.0,0.5,3.56,0.0,1,21.36,2.5,0.0
2,1735691002000,1735691815000,2,2.76,1,N,144,256,2,17.0,1.0,0.5,0.0,0.0,1,22.0,2.5,0.0
2,1735690554000,1735691873000,2,6.9,1,N,50,244,1,31.0,1.0,0.5,7.2,0.0,1,43.2,2.5,0.0
2,1735692928000,1735693619000,1,1.83,1,N,166,75,1,13.5,1.0,0.5,4.0,0.0,1,20.0,0.0,0.0
1,1735693024000,1735693430000,1,0.5,1,N,237,237,1,6.5,3.5,0.5,1.2,0.0,1,12.7,2.5,0.0
2,1735690715000,1735691834000,1,4.47,1,N,144,140,1,21.9,1.0,0.5,1.0,0.0,1,27.9,2.5,0.0
2,1735692843000,1735693147000,1,0.84,1,N,137,170,1,7.2,1.0,0.5,2.44,0.0,1,14.64,2.5,0.0
1,1735690179000,1735690511000,1,0.7,1,N,237,237,1,6.5,3.5,0.5,2.9,0.0,1,14.4,2.5,0.0
2,1735690446000,1735690456000,1,0.01,1,N,41,41,2,3.0,1.0,0.5,0.0,0.0,1,5.5,0.0,0.0
2,1735692529000,1735692677000,2,0.67,1,N,239,238,1,5.1,1.0,0.5,2.02,0.0,1,12.12,2.5,0.0
2,1735692758000,1735693286000,2,1.34,1,N,238,263,1,10.0,1.0,0.5,3.0,0.0,1,18.0,2.5,0.0
2,1735690730000,1735690979000,2,0.61,1,N,239,143,1,6.5,1.0,0.5,2.88,0.0,1,14.38,2.5,0.0
2,1735691027000,1735691905000,1,2.68,1,N,143,262,1,16.3,1.0,0.5,4.26,0.0,1,25.56,2.5,0.0
2,1735691980000,1735693342000,1,3.59,1,N,262,164,1,23.3,1.0,0.5,5.66,0.0,1,33.96,2.5,0.0
2,1735689617000,1735689769000,1,0.41,1,N,234,234,1,4.4,1.0,0.5,0.0,0.0,1,9.4,2.5,0.0
2,1735692652000,1735694391000,2,3.72,1,N,234,239,1,27.5,1.0,0.5,8.12,0.0,1,40.62,2.5,0.0
1,1735690059000,1735690296000,1,0.5,1,N,141,141,1,5.1,3.5,0.5,2.0,0.0,1,12.1,2.5,0.0
1,1735690432000,1735690704000,1,0.6,1,N,141,141,2,6.5,3.5,0.5,0.0,0.0,1,11.5,2.5,0.0
1,1735691237000,1735691694000,1,1.2,1,N,141,140,1,8.6,3.5,0.5,2.7,0.0,1,16.3,2.5,0.0
1,1735691975000,1735692193000,1,0.4,1,N,262,236,1,4.4,3.5,0.5,3.0,0.0,1,12.4,2.5,0.0
2,1735691097000,1735691407000,1,0.53,1,N,43,237,1,6.5,1.0,0.5,3.45,0.0,1,14.95,2.5,0.0
2,1735692300000,1735694179000,1,5.6,1,N,43,13,1,31.7,1.0,0.5,7.34,0.0,1,44.04,2.5,0.0
1,1735691062000,1735691696000,1,1.5,1,N,144,158,1,10.0,3.5,0.5,3.0,0.0,1,18.0,2.5,0.0
1,1735691986000,1735693152000,3,1.8,1,N,158,107,2,15.6,3.5,0.5,0.0,0.0,1,20.6,2.5,0.0
1,1735692594000,1735693550000,1,7.7,1,N,138,263,1,30.3,10.25,0.5,9.8,6.94,1,58.79,2.5,1.75
2,1735690309000,1735691022000,2,2.94,1,N,263,24,1,14.9,1.0,0.5,0.0,0.0,1,19.9,2.5,0.0
2,1735687898000,1735688508000,1,1.03,1,N,43,140,2,10.7,1.0,0.5,0.0,0.0,1,15.7,2.5,0.0
2,1735688798000,1735689783000,1,3.95,1,N,229,24,2,19.1,1.0,0.5,0.0,0.0,1,24.1,2.5,0.0
2,1735689896000,1735691004000,1,3.92,1,N,24,162,1,21.2,1.0,0.5,5.24,0.0,1,31.44,2.5,0.0
2,1735690730000,1735690944000,1,0.54,1,N,107,79,1,5.8,1.0,0.5,3.24,0.0,1,14.04,2.5,0.0
2,1735691729000,1735692357000,1,2.58,1,N,137,262,1,13.5,1.0,0.5,3.7,0.0,1,22.2,2.5,0.0
1,1735689919000,1735690427000,1,1.0,1,N,142,239,2,8.6,3.5,0.5,0.0,0.0,1,13.6,2.5,0.0
1,1735690561000,1735690904000,1,1.3,1,N,239,238,1,7.9,3.5,0.5,3.25,0.0,1,16.15,2.5,0.0
1,1735691458000,1735691927000,1,1.1,1,N,239,238,1,8.6,3.5,0.5,3.4,0.0,1,17.0,2.5,0.0
1,1735692284000,1735692884000,1,1.1,1,N,142,161,1,9.3,3.5,0.5,2.86,0.0,1,17.16,2.5,0.0
1,1735692949000,1735693905000,1,0.9,1,N,161,164,1,13.5,3.5,0.5,4.65,0.0,1,23.15,2.5,0.0
2,1735691889000,1735692205000,1,0.92,1,N,249,231,1,7.2,1.0,0.5,0.0,0.0,1,12.2,2.5,0.0
2,1735692411000,1735693329000,1,2.18,1,N,211,107,1,15.6,1.0,0.5,3.09,0.0,1,23.69,2.5,0.0
2,1735691804000,1735694235000,1,3.9,1,N,48,249,1,33.8,1.0,0.5,5.82,0.0,1,44.62,2.5,0.0
2,1735690925000,1735691492000,1,1.9,1,N,142,141,1,11.4,1.0,0.5,4.92,0.0,1,21.32,2.5,0.0
2,1735691998000,1735692430000,1,1.32,1,N,263,239,1,9.3,1.0,0.5,3.58,0.0,1,17.88,2.5,0.0
2,1735692787000,1735693316000,1,1.5,1,N,238,263,1,10.7,1.0,0.5,3.14,0.0,1,18.84,2.5,0.0
2,1735690032000,1735690629000,1,1.96,1,N,229,107,1,11.4,1.0,0.5,3.28,0.0,1,19.68,2.5,0.0
2,1735691312000,1735691795000,3,2.21,1,N,162,263,1,11.4,1.0,0.5,0.0,0.0,1,16.4,2.5,0.0
2,1735691921000,1735692291000,1,1.66,1,N,263,229,2,9.3,1.0,0.5,0.0,0.0,1,14.3,2.5,0.0
1,1735692162000,1735692164000,0,0.0,1,N,261,261,1,3.0,3.5,0.5,2.35,0.0,1,10.35,2.5,0.0
1,1735692341000,1735693499000,0,4.7,1,N,261,170,3,22.6,3.5,0.5,0.0,0.0,1,27.6,2.5,0.0
2,1735690293000,1735691620000,3,3.31,1,N,50,113,1,21.2,1.0,0.5,5.24,0.0,1,31.44,2.5,0.0
2,1735691908000,1735692288000,1,0.96,1,N,114,113,1,7.9,1.0,0.5,2.58,0.0,1,15.48,2.5,0.0
2,1735690348000,1735691354000,1,4.44,1,N,231,211,1,22.6,1.0,0.5,5.52,0.0,1,33.12,2.5,0.0
2,1735692373000,1735693317000,2,2.48,1,N,211,164,2,16.3,1.0,0.5,0.0,0.0,1,21.3,2.5,0.0
1,1735691542000,1735692215000,1,2.0,1,N,249,13,4,11.4,3.5,0.5,0.0,0.0,1,16.4,2.5,0.0
1,1735692297000,1735694232000,1,9.0,1,N,13,75,1,38.0,3.5,0.5,8.6,0.0,1,51.6,2.5,0.0
2,1735691786000,1735693972000,1,10.44,1,N,249,7,1,49.9,1.0,0.5,10.98,0.0,1,65.88,2.5,0.0
2,1735692277000,1735692968000,1,3.18,1,N,209,4,1,15.6,1.0,0.5,4.12,0.0,1,24.72,2.5,0.0
2,1735693144000,1735693789000,1,1.75,1,N,79,211,1,12.1,1.0,0.5,3.42,0.0,1,20.52,2.5,0.0
2,1735691829000,1735692665000,2,2.14,1,N,144,186,2,14.9,1.0,0.5,0.0,0.0,1,19.9,2.5,0.0
2,1735691573000,1735692181000,2,1.12,1,N,170,163,1,10.7,1.0,0.5,1.0,0.0,1,16.7,2.5,0.0
1,1735690885000,1735691277000,1,0.9,1,N,143,238,1,7.2,3.5,0.5,3.05,0.0,1,15.25,2.5,0.0
1,1735692526000,1735693303000,1,3.1,1,N,48,24,1,14.9,3.5,0.5,4.0,0.0,1,23.9,2.5,0.0
1,1735689914000,1735691531000,2,10.4,1,N,107,244,1,42.2,3.5,0.5,9.45,0.0,1,56.65,2.5,0.0
2,1735690457000,1735690632000,1,0.81,1,N,141,141,1,5.8,1.0,0.5,2.16,0.0,1,12.96,2.5,0.0
2,1735690926000,1735691205000,2,1.47,1,N,141,236,1,7.9,1.0,0.5,2.58,0.0,1,15.48,2.5,0.0
2,1735691526000,1735692191000,2,1.74,1,N,236,140,1,12.8,1.0,0.5,3.56,0.0,1,21.36,2.5,0.0
2,1735692267000,1735692825000,4,2.07,1,N,140,236,1,12.1,1.0,0.5,3.42,0.0,1,20.52,2.5,0.0
2,1735690341000,1735691755000,1,6.88,1,N,255,261,1,31.7,1.0,0.5,2.0,0.0,1,38.7,2.5,0.0
2,1735691900000,1735694519000,1,5.4,1,N,261,163,1,39.4,1.0,0.5,8.88,0.0,1,53.28,2.5,0.0
2,1735689683000,1735690142000,1,1.75,1,N,48,239,1,10.7,1.0,0.5,3.92,0.0,1,19.62,2.5,0.0
2,1735690572000,1735692067000,1,4.45,1,N,142,224,1,26.8,1.0,0.5,6.36,0.0,1,38.16,2.5,0.0
2,1735692639000,1735692745000,1,0.38,1,N,229,229,2,4.4,1.0,0.5,0.0,0.0,1,9.4,2.5,0.0
2,1735690442000,1735691602000,3,3.09,1,N,107,237,1,19.1,1.0,0.5,4.82,0.0,1,28.92,2.5,0.0
2,1735691891000,1735694502000,3,11.55,1,N,237,153,2,54.1,1.0,0.5,0.0,0.0,1,59.1,2.5,0.0
2,1735690927000,1735691504000,1,0.99,1,N,238,166,2,7.9,1.0,0.5,0.0,0.0,1,10.4,0.0,0.0
2,1735691542000,1735692389000,1,7.18,1,N,166,200,2,30.3,1.0,0.5,0.0,3.18,1,35.98,0.0,0.0
2,1735691254000,1735692569000,2,1.93,1,N,141,48,1,19.1,1.0,0.5,4.82,0.0,1,28.92,2.5,0.0
2,1735693141000,1735693413000,2,1.02,1,N,142,239,1,7.2,1.0,0.5,3.66,0.0,1,15.86,2.5,0.0
2,1735691155000,1735691524000,1,1.05,1,N,107,114,1,7.9,1.0,0.5,2.58,0.0,1,15.48,2.5,0.0
2,1735691619000,1735692479000,1,2.03,1,N,113,233,2,14.2,1.0,0.5,0.0,0.0,1,19.2,2.5,0.0
2,1735691245000,1735692737000,1,7.36,1,N,237,116,1,33.8,1.0,0.5,7.76,0.0,1,46.56,2.5,0.0
2,1735693050000,1735693743000,1,2.59,1,N,116,244,1,13.5,1.0,0.5,4.0,0.0,1,20.0,0.0,0.0
2,1735689848000,1735690586000,1,1.64,1,N,249,107,1,12.1,1.0,0.5,3.42,0.0,1,20.52,2.5,0.0
2,1735690647000,1735691942000,2,3.92,1,N,107,239,1,21.9,1.0,0.5,5.38,0.0,1,32.28,2.5,0.0
2,1735692060000,1735693298000,1,1.81,1,N,239,48,1,19.1,1.0,0.5,7.23,0.0,1,31.33,2.5,0.0
2,1735692815000,1735692940000,2,0.69,1,N,229,141,1,5.1,1.0,0.5,2.02,0.0,1,12.12,2.5,0.0
2,1735693162000,1735693494000,1,0.92,1,N,140,229,1,7.9,1.0,0.5,3.23,0.0,1,16.13,2.5,0.0
2,1735690080000,1735690475000,2,1.67,1,N,140,236,2,9.3,1.0,0.5,0.0,0.0,1,14.3,2.5,0.0
2,1735691324000,1735693645000,1,4.07,1,N,148,48,1,33.8,1.0,0.5,0.0,0.0,1,38.8,2.5,0.0
2,1735691861000,1735692736000,1,2.26,1,N,161,262,1,14.9,1.0,0.5,3.98,0.0,1,23.88,2.5,0.0
2,1735692992000,1735693165000,1,0.68,1,N,140,263,1,5.8,1.0,0.5,2.16,0.0,1,12.96,2.5,0.0
2,1735690989000,1735691359000,2,1.33,1,N,249,246,1,8.6,1.0,0.5,2.72,0.0,1,16.32,2.5,0.0
2,1735691656000,1735691763000,2,0.5,1,N,90,186,1,4.4,1.0,0.5,1.88,0.0,1,11.28,2.5,0.0
2,1735690792000,1735692318000,1,2.11,1,N,48,107,1,21.2,1.0,0.5,5.24,0.0,1,31.44,2.5,0.0
2,1735692385000,1735693412000,1,1.76,1,N,107,148,1,16.3,1.0,0.5,4.26,0.0,1,25.56,2.5,0.0
1,1735689985000,1735693327000,1,17.8,99,N,225,18,1,55.5,0.0,0.5,0.0,6.94,1,63.94,0.0,0.0
1,1735690870000,1735691879000,1,9.6,1,N,138,229,1,37.3,10.25,0.5,10.0,6.94,1,65.99,2.5,1.75
2,1735691729000,1735692447000,1,1.61,1,N,114,107,1,12.8,1.0,0.5,3.56,0.0,1,21.36,2.5,0.0
2,1735692717000,1735694191000,1,5.7,1,N,79,151,1,27.5,1.0,0.5,5.0,0.0,1,37.5,2.5,0.0
1,1735690893000,1735692344000,1,9.6,1,N,249,14,1,39.4,3.5,0.5,10.25,6.94,1,61.59,2.5,0.0
2,1735692235000,1735693316000,1,3.61,1,N,162,238,1,20.5,1.0,0.5,6.38,0.0,1,31.88,2.5,0.0
2,1735690480000,1735690623000,1,0.61,1,N,263,141,1,5.1,1.0,0.5,1.52,0.0,1,11.62,2.5,0.0
2,1735690923000,1735691798000,2,2.95,1,N,141,79,1,16.3,1.0,0.5,3.0,0.0,1,24.3,2.5,0.0
2,1735690531000,1735693057000,1,2.39,1,N,234,142,1,33.8,1.0,0.5,7.76,0.0,1,46.56,2.5,0.0
1,1735691401000,1735692293000,1,1.5,1,N,90,170,1,12.1,3.5,0.5,5.1,0.0,1,22.2,2.5,0.0
2,1735690103000,1735690698000,2,1.48,1,N,249,186,1,10.7,1.0,0.5,3.92,0.0,1,19.62,2.5,0.0
2,1735690810000,1735692878000,1,5.14,1,N,186,97,1,33.8,1.0,0.5,0.0,0.0,1,38.8,2.5,0.0
2,1735692954000,1735693441000,2,1.08,1,N,97,49,1,9.3,1.0,0.5,0.0,0.0,1,11.8,0.0,0.0
2,1735692862000,1735694091000,4,9.3,4,N,132,265,1,47.1,1.0,0.5,9.92,0.0,1,61.27,0.0,1.75
1,1735689766000,1735691208000,1,4.2,1,N,239,249,1,21.9,3.5,0.5,4.0,0.0,1,30.9,2.5,0.0
1,1735691530000,1735691714000,1,0.5,1,N,90,186,1,4.4,3.5,0.5,2.0,0.0,1,11.4,2.5,0.0
2,1735690498000,1735693135000,2,10.67,1,N,239,181,1,53.4,1.0,0.5,11.68,0.0,1,70.08,2.5,0.0
2,1735692893000,1735693256000,3,0.83,1,N,68,68,1,7.9,1.0,0.5,3.87,0.0,1,16.77,2.5,0.0
2,1735692105000,1735694500000,1,5.08,1,N,87,48,1,37.3,1.0,0.5,5.8,0.0,1,48.1,2.5,0.0
2,1735690748000,1735690986000,2,0.99,1,N,140,263,1,6.5,1.0,0.5,2.0,0.0,1,13.5,2.5,0.0
2,1735691048000,1735691298000,1,0.77,1,N,263,236,2,6.5,1.0,0.5,0.0,0.0,1,11.5,2.5,0.0
2,1735691439000,1735692178000,2,2.24,1,N,236,229,1,14.9,1.0,0.5,3.98,0.0,1,23.88,2.5,0.0
2,1735691521000,1735692207000,2,1.61,1,N,234,79,1,12.1,1.0,0.5,3.42,0.0,1,20.52,2.5,0.0
2,1735692383000,1735692499000,2,0.32,1,N,4,4,2,4.4,1.0,0.5,0.0,0.0,1,9.4,2.5,0.0
2,1735689940000,1735690598000,1,1.55,1,N,211,107,2,12.1,1.0,0.5,0.0,0.0,1,17.1,2.5,0.0
2,1735690858000,1735691402000,1,3.09,1,N,137,263,1,14.2,1.0,0.5,3.46,0.0,1,22.66,2.5,0.0
2,1735690174000,1735690528000,1,0.83,1,N,263,140,1,7.2,1.0,0.5,2.44,0.0,1,14.64,2.5,0.0
2,1735690590000,1735690953000,1,1.23,1,N,142,141,1,8.6,1.0,0.5,4.08,0.0,1,17.68,2.5,0.0
2,1735691066000,1735691825000,4,1.61,1,N,164,162,1,12.8,1.0,0.5,2.67,0.0,1,20.47,2.5,0.0
2,1735691958000,1735693393000,1,2.34,1,N,162,90,1,20.5,1.0,0.5,5.1,0.0,1,30.6,2.5,0.0
2,1735690832000,1735692008000,2,6.44,1,N,234,256,1,29.6,1.0,0.5,8.31,6.94,1,49.85,2.5,0.0
2,1735690270000,1735690742000,1,1.27,1,N,263,238,1,10.0,1.0,0.5,5.0,0.0,1,20.0,2.5,0.0
2,1735692031000,1735692868000,2,2.62,1,N,170,140,1,14.9,1.0,0.5,4.97,0.0,1,24.87,2.5,0.0
2,1735690416000,1735691867000,1,5.25,1,N,162,7,1,26.1,1.0,0.5,7.78,0.0,1,38.88,2.5,0.0
2,1735691392000,1735691868000,1,1.46,1,N,166,42,2,9.3,1.0,0.5,0.0,0.0,1,11.8,0.0,0.0
2,1735692288000,1735692756000,1,1.8,1,N,166,238,1,10.0,1.0,0.5,3.0,0.0,1,18.0,2.5,0.0
2,1735692899000,1735694029000,1,4.03,1,N,238,186,1,20.5,1.0,0.5,5.1,0.0,1,30.6,2.5,0.0
2,1735690725000,1735691308000,1,1.07,1,N,249,79,1,10.0,1.0,0.5,3.0,0.0,1,18.0,2.5,0.0
2,1735691400000,1735691569000,1,0.47,1,N,79,79,2,5.1,1.0,0.5,0.0,0.0,1,10.1,2.5,0.0
2,1735692083000,1735692596000,1,0.85,1,N,79,114,1,9.3,1.0,0.5,2.86,0.0,1,17.16,2.5,0.0
2,1735692653000,1735693042000,1,1.49,1,N,114,234,1,9.3,1.0,0.5,2.86,0.0,1,17.16,2.5,0.0
2,1735693160000,1735694011000,1,2.54,1,N,234,209,1,14.9,1.0,0.5,3.98,0.0,1,23.88,2.5,0.0
2,1735691311000,1735692286000,2,2.08,1,N,107,125,1,15.6,1.0,0.5,4.12,0.0,1,24.72,2.5,0.0
2,1735692390000,1735693642000,1,5.41,1,N,125,181,1,26.1,1.0,0.5,7.61,6.94,1,45.65,2.5,0.0
2,1735690220000,1735691382000,1,4.45,1,N,148,236,1,21.9,1.0,0.5,5.38,0.0,1,32.28,2.5,0.0
2,1735691734000,1735692343000,1,1.92,1,N,237,263,1,12.1,1.0,0.5,3.42,0.0,1,20.52,2.5,0.0
2,1735692578000,1735692776000,1,0.57,1,N,263,236,2,5.8,1.0,0.5,0.0,0.0,1,10.8,2.5,0.0
2,1735692220000,1735693087000,2,1.84,1,N,186,229,1,14.2,1.0,0.5,3.84,0.0,1,23.04,2.5,0.0
2,1735690835000,1735691350000,2,1.47,1,N,236,142,1,10.7,1.0,0.5,2.36,0.0,1,18.06,2.5,0.0
2,1735691435000,1735692177000,2,1.89,1,N,142,229,1,12.8,1.0,0.5,3.56,0.0,1,21.36,2.5,0.0
2,1735693133000,1735693767000,1,1.92,1,N,79,164,1,12.1,1.0,0.5,3.42,0.0,1,20.52,2.5,0.0
2,1735693029000,1735694533000,3,3.65,1,N,255,36,1,23.3,1.0,0.5,1.29,0.0,1,27.09,0.0,0.0
1,1735690381000,1735690539000,3,0.6,1,N,263,141,1,5.1,3.5,0.5,2.0,0.0,1,12.1,2.5,0.0
1,1735690771000,1735692489000,2,4.7,1,N,141,261,2,27.5,3.5,0.5,0.0,0.0,1,32.5,2.5,0.0
1,1735693033000,1735694298000,1,8.5,1,N,263,220,1,35.2,3.5,0.5,5.0,0.0,1,45.2,2.5,0.0
2,1735690938000,1735691109000,1,0.88,1,N,239,238,1,5.8,1.0,0.5,2.16,0.0,1,12.96,2.5,0.0
2,1735691538000,1735692125000,1,1.67,1,N,239,151,1,12.1,1.0,0.5,3.42,0.0,1,20.52,2.5,0.0
2,1735692869000,1735694481000,1,5.74,1,N,142,129,1,31.0,1.0,0.5,7.2,0.0,1,43.2,2.5,0.0
2,1735690544000,1735691280000,2,1.93,1,N,237,239,1,13.5,1.0,0.5,5.55,0.0,1,24.05,2.5,0.0
2,1735691410000,1735691816000,4,1.33,1,N,239,238,2,8.6,1.0,0.5,0.0,0.0,1,13.6,2.5,0.0
2,1735692251000,1735692605000,2,1.02,1,N,239,238,1,7.9,1.0,0.5,1.94,0.0,1,14.84,2.5,0.0
2,1735692828000,1735693684000,3,2.45,1,N,238,141,1,15.6,1.0,0.5,4.12,0.0,1,24.72,2.5,0.0
2,1735692835000,1735693540000,1,3.39,1,N,97,255,1,17.0,1.0,0.5,3.9,0.0,1,23.4,0.0,0.0
1,1735691503000,1735691757000,2,1.6,1,N,239,166,1,8.6,3.5,0.5,2.7,0.0,1,16.3,2.5,0.0
1,1735691959000,1735692636000,2,1.8,1,N,151,142,1,12.1,3.5,0.5,4.25,0.0,1,21.35,2.5,0.0
1,1735690713000,1735691672000,1,3.6,1,N,79,140,1,17.0,3.5,0.5,4.4,0.0,1,26.4,2.5,0.0
1,1735692129000,1735692742000,1,1.6,1,N,229,262,1,9.3,3.5,0.5,2.85,0.0,1,17.15,2.5,0.0
1,1735690790000,1735692136000,2,3.6,1,N,141,246,1,20.5,3.5,0.5,5.1,0.0,1,30.6,2.5,0.0
2,1735692576000,1735697506000,4,24.7,1,N,68,82,3,-111.5,-1.0,-0.5,0.0,-6.94,-1,-123.44,-2.5,0.0
2,1735692576000,1735697506000,4,24.7,1,N,68,82,3,111.5,1.0,0.5,0.0,6.94,1,123.44,2.5,0.0
2,1735690644000,1735690898000,2,0.79,1,N,238,24,1,7.2,1.0,0.5,2.44,0.0,1,14.64,2.5,0.0
2,1735691053000,1735692454000,1,6.34,1,N,166,90,1,31.0,1.0,0.5,5.0,0.0,1,41.0,2.5,0.0
2,1735692568000,1735694193000,3,7.74,1,N,90,129,1,37.3,1.0,0.5,9.85,6.94,1,59.09,2.5,0.0
1,1735692003000,1735693776000,2,2.8,1,N,246,142,2,24.7,3.5,0.5,0.0,0.0,1,29.7,2.5,0.0
1,1735689666000,1735690181000,1,0.7,1,N,162,162,1,9.3,3.5,0.5,0.0,0.0,1,14.3,2.5,0.0
1,1735692833000,1735693522000,4,1.5,1,N,90,158,1,12.1,3.5,0.5,5.0,0.0,1,22.1,2.5,0.0
2,1735691341000,1735691688000,2,0.94,1,N,114,113,1,7.9,1.0,0.5,2.58,0.0,1,15.48,2.5,0.0
2,1735690777000,1735691290000,1,1.53,1,N,142,162,1,10.7,1.0,0.5,5.0,0.0,1,20.7,2.5,0.0
2,1735692684000,1735694103000,1,5.36,1,N,162,87,1,26.8,1.0,0.5,0.0,0.0,1,31.8,2.5,0.0
1,1735692589000,1735694287000,3,3.7,1,N,68,13,1,27.5,3.5,0.5,8.1,0.0,1,40.6,2.5,0.0
1,1735691746000,1735692279000,1,0.7,1,N,161,43,1,8.6,3.5,0.5,4.1,0.0,1,17.7,2.5,0.0
1,1735692384000,1735693116000,2,1.7,1,N,43,238,3,10.7,3.5,0.5,0.0,0.0,1,15.7,2.5,0.0
2,1735690769000,1735691057000,1,1.52,1,N,140,262,1,8.6,1.0,0.5,2.72,0.0,1,16.32,2.5,0.0
2,1735691166000,1735691583000,1,1.46,1,N,262,141,1,9.3,1.0,0.5,1.5,0.0,1,15.8,2.5,0.0
2,1735691875000,1735692700000,2,2.27,1,N,229,79,1,14.2,1.0,0.5,3.84,0.0,1,23.04,2.5,0.0
2,1735692790000,1735692908000,3,0.48,1,N,79,107,1,4.4,1.0,0.5,1.88,0.0,1,11.28,2.5,0.0
2,1735691486000,1735692632000,2,1.87,1,N,114,68,1,17.7,1.0,0.5,2.0,0.0,1,24.7,2.5,0.0
2,1735692727000,1735694784000,1,5.76,1,N,68,166,1,37.3,1.0,0.5,8.46,0.0,1,50.76,2.5,0.0
2,1735691958000,1735692375000,1,1.51,1,N,229,140,1,9.3,1.0,0.5,4.29,0.0,1,18.59,2.5,0.0
2,1735692481000,1735692743000,1,0.79,1,N,140,140,1,6.5,1.0,0.5,3.45,0.0,1,14.95,2.5,0.0
2,1735691904000,1735692283000,2,0.61,1,N,90,90,1,7.9,1.0,0.5,2.58,0.0,1,15.48,2.5,0.0
2,1735692421000,1735693059000,2,0.87,1,N,234,107,1,10.7,1.0,0.5,3.14,0.0,1,18.84,2.5,0.0
2,1735691494000,1735691889000,2,0.63,1,N,170,107,1,7.2,1.0,0.5,2.44,0.0,1,14.64,2.5,0.0
2,1735690445000,1735691193000,2,0.71,1,N,229,170,1,11.4,1.0,0.5,3.28,0.0,1,19.68,2.5,0.0
2,1735691642000,1735692021000,1,0.58,1,N,164,170,2,7.2,1.0,0.5,0.0,0.0,1,12.2,2.5,0.0
2,1735690520000,1735693061000,1,4.1,1,N,158,142,1,35.2,1.0,0.5,0.0,0.0,1,40.2,2.5,0.0
2,1735693148000,1735694354000,2,1.65,1,N,142,68,1,17.7,1.0,0.5,5.0,0.0,1,27.7,2.5,0.0
2,1735690363000,1735691659000,2,10.31,1,N,132,72,2,40.8,1.0,0.5,0.0,0.0,1,45.05,0.0,1.75
1,1735691679000,1735692255000,2,0.7,1,N,164,170,1,7.9,3.5,0.5,2.0,0.0,1,14.9,2.5,0.0
2,1735690342000,1735690612000,3,0.53,1,N,158,90,1,5.8,1.0,0.5,2.16,0.0,1,12.96,2.5,0.0
2,1735690675000,1735692867000,2,3.55,1,N,90,163,1,31.0,1.0,0.5,7.2,0.0,1,43.2,2.5,0.0
2,1735693142000,1735693902000,2,1.88,1,N,163,137,1,12.8,1.0,0.5,0.89,0.0,1,18.69,2.5,0.0
1,1735691271000,1735691882000,1,1.8,1,N,151,142,1,12.8,3.5,0.5,3.55,0.0,1,21.35,2.5,0.0
1,1735690204000,1735691707000,1,2.0,1,N,158,48,1,21.2,3.5,0.5,0.0,0.0,1,26.2,2.5,0.0
1,1735692980000,1735694681000,1,2.4,1,N,48,164,1,22.6,3.5,0.5,5.5,0.0,1,33.1,2.5,0.0
2,1735690219000,1735690851000,3,1.8,1,N,107,231,1,12.1,1.0,0.5,3.42,0.0,1,20.52,2.5,0.0
2,1735691418000,1735693827000,1,6.02,1,N,249,238,2,39.4,1.0,0.5,0.0,0.0,1,44.4,2.5,0.0
2,1735689379000,1735690279000,6,2.28,1,N,68,107,1,14.9,1.0,0.5,3.98,0.0,1,23.88,2.5,0.0
2,1735691451000,1735692717000,4,2.8,1,N,144,161,1,19.8,1.0,0.5,3.88,0.0,1,28.68,2.5,0.0
2,1735692067000,1735695475000,1,2.54,1,N,170,50,1,43.6,1.0,0.5,9.72,0.0,1,58.32,2.5,0.0
2,1735691417000,1735692856000,2,3.27,1,N,90,143,1,23.3,1.0,0.5,4.24,0.0,1,32.54,2.5,0.0
2,1735691574000,1735692924000,2,4.82,1,N,48,261,2,25.4,1.0,0.5,0.0,0.0,1,30.4,2.5,0.0
1,1735691824000,1735692609000,1,1.0,5,N,68,90,1,19.0,0.0,0.0,5.0,0.0,1,25.0,0.0,0.0
1,1735692859000,1735693019000,1,0.3,1,N,234,186,1,4.4,3.5,0.5,1.69,0.0,1,11.09,2.5,0.0
2,1735690159000,1735692874000,1,13.95,1,N,161,252,1,63.9,1.0,0.5,5.0,6.94,1,80.84,2.5,0.0
2,1735689801000,1735690639000,1,4.17,1,N,79,13,1,21.2,1.0,0.5,5.24,0.0,1,31.44,2.5,0.0
1,1735690004000,1735691384000,1,4.5,1,N,114,225,1,23.3,3.5,0.5,4.0,0.0,1,32.3,2.5,0.0
1,1735690440000,1735691409000,1,0.8,1,N,234,170,3,14.2,3.5,0.5,0.0,0.0,1,19.2,2.5,0.0
1,1735689865000,1735690173000,1,0.8,1,N,237,141,1,6.5,3.5,0.5,2.3,0.0,1,13.8,2.5,0.0
1,1735691828000,1735694070000,1,8.9,1,N,151,82,1,38.7,3.5,0.5,8.75,0.0,1,52.45,2.5,0.0
2,1735690929000,1735691156000,3,1.41,1,N,237,263,1,7.9,1.0,0.5,2.58,0.0,1,15.48,2.5,0.0
2,1735691412000,1735692240000,2,2.45,1,N,262,238,1,15.6,1.0,0.5,4.12,0.0,1,24.72,2.5,0.0
2,1735692563000,1735692618000,2,0.37,1,N,238,239,1,3.7,1.0,0.5,1.74,0.0,1,10.44,2.5,0.0
2,1735692773000,1735693457000,3,1.84,1,N,239,140,1,12.8,1.0,0.5,5.34,0.0,1,23.14,2.5,0.0
2,1735691524000,1735692453000,3,2.58,1,N,249,261,1,16.3,1.0,0.5,4.26,0.0,1,25.56,2.5,0.0
2,1735692686000,1735694882000,2,4.01,1,N,231,48,1,33.1,1.0,0.5,0.0,0.0,1,38.1,2.5,0.0
2,1735690890000,1735692671000,2,8.92,1,N,107,181,1,39.4,1.0,0.5,8.88,0.0,1,53.28,2.5,0.0
2,1735691006000,1735691879000,3,1.94,1,N,144,170,1,14.2,1.0,0.5,3.84,0.0,1,23.04,2.5,0.0
2,1735691935000,1735692865000,2,2.52,1,N,137,141,1,15.6,1.0,0.5,3.5,0.0,1,24.1,2.5,0.0
2,1735691594000,1735692149000,3,1.06,1,N,170,162,1,10.0,1.0,0.5,3.0,0.0,1,18.0,2.5,0.0
2,1735692352000,1735693518000,2,2.97,1,N,162,143,1,19.1,1.0,0.5,4.82,0.0,1,28.92,2.5,0.0
2,1735689829000,1735690382000,1,1.98,1,N,262,162,2,11.4,1.0,0.5,0.0,0.0,1,16.4,2.5,0.0
2,1735691112000,1735691985000,1,1.9,1,N,170,249,1,14.2,1.0,0.5,3.84,0.0,1,23.04,2.5,0.0
2,1735692068000,1735694206000,1,4.52,1,N,249,239,1,33.1,1.0,0.5,7.62,0.0,1,45.72,2.5,0.0
2,1735691916000,1735693591000,1,4.61,1,N,113,236,1,27.5,1.0,0.5,8.12,0.0,1,40.62,2.5,0.0
2,1735689692000,1735689897000,1,0.82,1,N,229,141,2,5.8,1.0,0.5,0.0,0.0,1,10.8,2.5,0.0
2,1735690231000,1735690978000,1,2.48,1,N,229,234,1,14.2,1.0,0.5,3.84,0.0,1,23.04,2.5,0.0
2,1735691298000,1735692036000,1,1.2,1,N,113,164,1,12.8,1.0,0.5,3.0,0.0,1,20.8,2.5,0.0
1,1735690762000,1735691900000,1,2.8,1,N,142,233,1,18.4,3.5,0.5,4.65,0.0,1,28.05,2.5,0.0
2,1735690577000,1735691233000,1,2.07,1,N,239,141,1,12.8,1.0,0.5,3.56,0.0,1,21.36,2.5,0.0
2,1735691606000,1735692024000,2,1.59,1,N,262,229,1,10.0,1.0,0.5,3.0,0.0,1,18.0,2.5,0.0
2,1735692385000,1735693161000,2,2.72,1,N,229,238,1,15.6,1.0,0.5,5.15,0.0,1,25.75,2.5,0.0
2,1735690170000,1735691146000,1,2.16,1,N,234,229,1,16.3,1.0,0.5,4.26,0.0,1,25.56,2.5,0.0
2,1735691854000,1735693083000,1,3.53,1,N,79,237,1,20.5,1.0,0.5,6.38,0.0,1,31.88,2.5,0.0
1,1735691109000,1735691982000,1,2.0,1,N,211,164,1,12.8,3.5,0.5,3.55,0.0,1,21.35,2.5,0.0
1,1735690072000,1735690226000,4,0.4,1,N,137,170,2,5.1,3.5,0.5,0.0,0.0,1,10.1,2.5,0.0
2,1735690886000,1735691330000,2,1.09,1,N,263,237,1,8.6,1.0,0.5,2.0,0.0,1,15.6,2.5,0.0
2,1735692334000,1735694660000,2,20.21,2,N,132,140,1,70.0,0.0,0.5,16.54,6.94,1,99.23,2.5,1.75
2,1735689917000,1735692899000,2,29.61,3,N,138,265,1,130.8,6.0,0.0,10.0,40.68,1,190.23,0.0,1.75
2,1735690221000,1735690564000,1,1.15,1,N,238,236,1,8.6,1.0,0.5,3.4,0.0,1,17.0,2.5,0.0
2,1735691477000,1735692119000,2,1.05,1,N,161,170,1,10.7,1.0,0.5,4.71,0.0,1,20.41,2.5,0.0
2,1735690593000,1735692418000,1,3.69,1,N,238,164,1,28.9,1.0,0.5,3.0,0.0,1,36.9,2.5,0.0
1,1735690429000,1735691734000,1,5.0,1,N,88,164,2,24.0,3.5,0.5,0.0,0.0,1,29.0,2.5,0.0
1,1735691917000,1735694121000,2,6.8,1,N,164,17,1,33.8,3.5,0.5,7.75,0.0,1,46.55,2.5,0.0
2,1735690854000,1735691895000,6,2.09,1,N,161,114,2,17.0,1.0,0.5,0.0,0.0,1,22.0,2.5,0.0
2,1735692094000,1735692458000,1,0.72,1,N,114,79,1,7.2,1.0,0.5,2.44,0.0,1,14.64,2.5,0.0
2,1735692646000,1735693802000,6,1.87,1,N,79,186,1,17.7,1.0,0.5,0.0,0.0,1,22.7,2.5,0.0
2,1735691760000,1735692415000,4,1.5,1,N,163,140,2,11.4,1.0,0.5,0.0,0.0,1,16.4,2.5,0.0
2,1735690446000,1735690874000,2,0.99,1,N,237,162,2,7.9,1.0,0.5,0.0,0.0,1,12.9,2.5,0.0
2,1735691449000,1735692154000,3,3.27,1,N,162,74,2,15.6,1.0,0.5,0.0,0.0,1,20.6,2.5,0.0
2,1735693188000,1735693585000,2,1.51,1,N,263,141,1,9.3,1.0,0.5,2.86,0.0,1,17.16,2.5,0.0
2,1735691356000,1735692571000,3,2.9,1,N,239,229,1,19.8,1.0,0.5,4.96,0.0,1,29.76,2.5,0.0
2,1735690826000,1735692698000,4,3.79,1,N,114,43,1,28.2,1.0,0.5,6.64,0.0,1,39.84,2.5,0.0
2,1735692846000,1735694380000,2,5.44,1,N,163,232,1,28.2,1.0,0.5,6.64,0.0,1,39.84,2.5,0.0
1,1735691740000,1735693914000,3,29.4,4,N,132,265,2,189.9,1.0,0.5,0.0,0.0,1,192.4,0.0,0.0
2,1735690573000,1735690773000,1,0.54,1,N,249,113,1,5.1,1.0,0.5,2.02,0.0,1,12.12,2.5,0.0
2,1735691564000,1735691682000,1,0.63,1,N,249,90,1,5.1,1.0,0.5,2.02,0.0,1,12.12,2.5,0.0
2,1735692511000,1735694214000,1,4.13,1,N,249,141,1,26.8,1.0,0.5,6.36,0.0,1,38.16,2.5,0.0
1,1735689688000,1735690616000,4,3.6,1,N,233,41,1,17.7,3.5,0.5,5.7,0.0,1,28.4,2.5,0.0
1,1735690862000,1735691219000,2,0.8,1,N,237,141,1,7.2,3.5,0.5,1.22,0.0,1,13.42,2.5,0.0
1,1735691940000,1735692411000,2,1.4,1,N,237,262,1,10.0,3.5,0.5,3.75,0.0,1,18.75,2.5,0.0
1,1735692681000,1735694183000,4,3.6,1,N,263,234,1,24.7,3.5,0.5,5.9,0.0,1,35.6,2.5,0.0
2,1735692380000,1735693482000,2,2.28,1,N,68,233,1,17.7,1.0,0.5,3.5,0.0,1,26.2,2.5,0.0
2,1735691562000,1735692391000,2,2.26,1,N,113,87,2,14.2,1.0,0.5,0.0,0.0,1,19.2,2.5,0.0
2,1735692817000,1735694394000,1,6.91,1,N,87,263,2,31.7,1.0,0.5,0.0,0.0,1,36.7,2.5,0.0
1,1735692496000,1735693230000,2,3.3,1,N,170,145,1,16.3,3.5,0.5,10.0,0.0,1,31.3,2.5,0.0
2,1735691366000,1735691876000,1,1.17,1,N,158,211,1,9.3,1.0,0.5,2.86,0.0,1,17.16,2.5,0.0
2,1735690225000,1735690389000,1,0.3,1,N,144,144,1,4.4,1.0,0.5,1.88,0.0,1,11.28,2.5,0.0
2,1735692034000,1735692892000,1,4.12,1,N,144,137,1,19.1,1.0,0.5,0.0,0.0,1,24.1,2.5,0.0
2,1735693124000,1735694126000,1,4.19,1,N,137,236,1,21.2,1.0,0.5,3.93,0.0,1,30.13,2.5,0.0
1,1735692969000,1735693488000,2,1.1,1,N,234,68,1,10.0,3.5,0.5,3.0,0.0,1,18.0,2.5,0.0
1,1735690785000,1735696505000,1,6.9,1,N,137,181,4,40.1,3.5,0.5,0.0,0.0,1,45.1,2.5,0.0
2,1735691462000,1735691781000,2,0.51,1,N,114,79,1,6.5,1.0,0.5,2.3,0.0,1,13.8,2.5,0.0
2,1735693034000,1735694086000,2,1.83,1,N,161,142,1,17.0,1.0,0.5,6.6,0.0,1,28.6,2.5,0.0
2,1735690776000,1735691466000,2,1.76,1,N,142,239,1,12.8,1.0,0.5,4.45,0.0,1,22.25,2.5,0.0
2,1735691610000,1735692091000,1,1.27,1,N,239,263,1,9.3,1.0,0.5,2.86,0.0,1,17.16,2.5,0.0
2,1735692917000,1735695607000,4,9.07,1,N,43,40,1,47.1,1.0,0.5,10.42,0.0,1,62.52,2.5,0.0
2,1735690829000,1735691438000,1,2.4,1,N,79,261,1,12.8,1.0,0.5,3.56,0.0,1,21.36,2.5,0.0
2,1735691514000,1735693347000,1,5.38,1,N,261,143,1,32.4,1.0,0.5,7.48,0.0,1,44.88,2.5,0.0
2,1735693041000,1735693788000,1,1.93,1,N,161,239,1,13.5,1.0,0.5,3.7,0.0,1,22.2,2.5,0.0
2,1735690566000,1735691384000,2,2.31,1,N,151,163,1,16.3,1.0,0.5,4.26,0.0,1,25.56,2.5,0.0
2,1735692354000,1735693748000,1,3.7,1,N,50,238,1,25.4,1.0,0.5,6.08,0.0,1,36.48,2.5,0.0
2,1735691943000,1735693074000,1,2.26,1,N,170,249,2,17.7,1.0,0.5,0.0,0.0,1,22.7,2.5,0.0
2,1735693123000,1735694715000,1,4.5,1,N,249,236,1,27.5,1.0,0.5,6.5,0.0,1,39.0,2.5,0.0
2,1735690488000,1735690775000,1,1.37,1,N,236,229,1,7.9,1.0,0.5,1.94,0.0,1,14.84,2.5,0.0
2,1735691789000,1735692232000,2,1.82,1,N,163,236,1,10.7,1.0,0.5,4.71,0.0,1,20.41,2.5,0.0
2,1735689830000,1735690532000,1,3.04,1,N,107,141,1,15.6,1.0,0.5,2.06,0.0,1,22.66,2.5,0.0
2,1735690755000,1735691095000,1,1.56,1,N,263,229,1,9.3,1.0,0.5,2.86,0.0,1,17.16,2.5,0.0
2,1735691479000,1735692331000,1,2.56,1,N,229,148,1,15.6,1.0,0.5,2.0,0.0,1,22.6,2.5,0.0
2,1735692594000,1735693546000,1,3.01,1,N,148,13,1,18.4,1.0,0.5,4.68,0.0,1,28.08,2.5,0.0
2,1735691002000,1735693114000,2,5.27,1,N,113,239,1,33.1,1.0,0.5,7.62,0.0,1,45.72,2.5,0.0
2,1735691517000,1735691771000,1,1.09,1,N,229,141,1,7.2,1.0,0.5,1.83,0.0,1,14.03,2.5,0.0
2,1735691899000,1735692510000,2,1.5,1,N,141,233,1,11.4,1.0,0.5,4.1,0.0,1,20.5,2.5,0.0
2,1735692683000,1735693787000,2,1.46,1,N,229,170,1,16.3,1.0,0.5,4.26,0.0,1,25.56,2.5,0.0
2,1735690973000,1735691472000,3,1.16,1,N,142,239,2,9.3,1.0,0.5,0.0,0.0,1,14.3,2.5,0.0
2,1735692547000,1735692974000,1,0.52,1,N,234,234,1,7.9,1.0,0.5,2.58,0.0,1,15.48,2.5,0.0
2,1735693071000,1735695159000,2,6.03,1,N,234,223,1,35.9,1.0,0.5,8.18,0.0,1,49.08,2.5,0.0
2,1735690313000,1735692030000,2,5.49,1,N,107,24,1,30.3,1.0,0.5,3.0,0.0,1,38.3,2.5,0.0
2,1735692962000,1735694435000,4,4.46,1,N,142,113,1,26.1,1.0,0.5,6.22,0.0,1,37.32,2.5,0.0
2,1735690569000,1735690949000,1,0.84,1,N,239,143,1,7.9,1.0,0.5,2.58,0.0,1,15.48,2.5,0.0
2,1735691998000,1735692819000,1,3.16,1,N,43,226,1,17.7,1.0,0.5,4.54,0.0,1,27.24,2.5,0.0
2,1735691475000,1735691713000,1,0.62,1,N,90,249,1,5.8,1.0,0.5,2.16,0.0,1,12.96,2.5,0.0
2,1735690157000,1735690313000,4,1.15,1,N,238,166,1,6.5,1.0,0.5,1.5,0.0,1,13.0,2.5,0.0
2,1735691342000,1735692655000,4,11.58,1,N,151,174,2,45.0,1.0,0.5,0.0,0.0,1,47.5,0.0,0.0
2,1735690361000,1735690565000,1,1.31,1,N,137,229,1,7.2,1.0,0.5,2.44,0.0,1,14.64,2.5,0.0
2,1735690753000,1735691323000,2,1.12,1,N,229,142,1,10.7,1.0,0.5,3.0,0.0,1,18.7,2.5,0.0
2,1735691373000,1735693367000,2,2.59,1,N,142,164,1,26.8,1.0,0.5,6.36,0.0,1,38.16,2.5,0.0
2,1735690893000,1735692694000,1,3.64,1,N,161,238,1,28.2,1.0,0.5,6.64,0.0,1,39.84,2.5,0.0
2,1735692801000,1735693046000,2,1.0,1,N,238,142,2,6.5,1.0,0.5,0.0,0.0,1,11.5,2.5,0.0
2,1735690348000,1735690841000,1,1.54,1,N,237,263,2,10.0,1.0,0.5,0.0,0.0,1,15.0,2.5,0.0
2,1735690926000,1735691852000,1,3.39,1,N,263,107,1,17.7,1.0,0.5,4.54,0.0,1,27.24,2.5,0.0
2,1735692017000,1735692391000,1,1.01,1,N,107,164,1,7.9,1.0,0.5,2.58,0.0,1,15.48,2.5,0.0
2,1735690640000,1735691040000,2,1.24,1,N,170,234,1,8.6,1.0,0.5,2.72,0.0,1,16.32,2.5,0.0
2,1735692603000,1735692918000,4,1.26,1,N,170,224,1,7.9,1.0,0.5,2.58,0.0,1,15.48,2.5,0.0
2,1735692969000,1735693640000,2,1.78,1,N,224,114,1,12.8,1.0,0.5,5.34,0.0,1,23.14,2.5,0.0
2,1735691166000,1735691581000,2,1.31,1,N,262,237,2,9.3,1.0,0.5,0.0,0.0,1,14.3,2.5,0.0
2,1735693101000,1735693330000,2,0.25,1,N,237,163,2,5.1,1.0,0.5,0.0,0.0,1,10.1,2.5,0.0
2,1735690119000,1735690850000,1,2.46,1,N,246,48,1,14.2,1.0,0.5,2.0,0.0,1,21.2,2.5,0.0
2,1735691572000,1735694027000,4,6.29,1,N,48,256,2,-38.7,-1.0,-0.5,0.0,0.0,-1,-43.7,-2.5,0.0
2,1735691572000,1735694027000,4,6.29,1,N,48,256,2,38.7,1.0,0.5,0.0,0.0,1,43.7,2.5,0.0
2,1735691019000,1735691157000,1,0.25,1,N,161,161,1,4.4,1.0,0.5,1.88,0.0,1,11.28,2.5,0.0
2,1735691213000,1735691923000,1,1.11,1,N,161,170,2,11.4,1.0,0.5,0.0,0.0,1,16.4,2.5,0.0
1,1735691180000,1735692502000,2,2.8,1,N,113,162,1,20.5,3.5,0.5,5.1,0.0,1,30.6,2.5,0.0
1,1735692618000,1735692947000,2,0.7,1,N,229,237,1,7.2,3.5,0.5,2.4,0.0,1,14.6,2.5,0.0
2,1735691044000,1735692122000,1,5.27,1,N,170,87,1,25.4,1.0,0.5,0.0,0.0,1,30.4,2.5,0.0
2,1735691245000,1735691765000,2,1.08,1,N,234,246,1,9.3,1.0,0.5,3.58,0.0,1,17.88,2.5,0.0
2,1735691920000,1735693732000,1,1.9,1,N,246,161,1,24.7,1.0,0.5,2.0,0.0,1,31.7,2.5,0.0
2,1735691110000,1735691367000,3,0.96,1,N,238,236,1,7.2,1.0,0.5,1.94,0.0,1,11.64,0.0,0.0
2,1735692321000,1735692722000,1,1.53,1,N,263,141,2,9.3,1.0,0.5,0.0,0.0,1,14.3,2.5,0.0
2,1735692960000,1735693223000,1,0.69,1,N,141,236,2,6.5,1.0,0.5,0.0,0.0,1,11.5,2.5,0.0
2,1735690402000,1735690784000,1,1.14,1,N,237,141,2,8.6,1.0,0.5,0.0,0.0,1,13.6,2.5,0.0
2,1735690940000,1735691707000,1,2.46,1,N,141,238,1,14.2,1.0,0.5,4.0,0.0,1,23.2,2.5,0.0
2,1735693129000,1735694264000,1,3.5,1,N,50,262,1,20.5,1.0,0.5,2.55,0.0,1,28.05,2.5,0.0
1,1735690974000,1735691381000,1,1.1,1,N,239,238,1,7.2,3.5,0.5,4.0,0.0,1,16.2,2.5,0.0
1,1735691454000,1735692286000,1,2.3,1,N,238,237,1,13.5,3.5,0.5,3.7,0.0,1,22.2,2.5,0.0
1,1735693154000,1735694194000,1,2.4,1,N,239,262,1,14.9,3.5,0.5,4.0,0.0,1,23.9,2.5,0.0
